{
    "version": "0.4",
    "title": "Contact",
    "type": "page",
    "metadata": {
        "template_type": "single-page",
        "include_in_zip": "1",
        "elementor_pro_required": null,
        "wp_page_template": "elementor_header_footer"
    },
    "content": [
        {
            "id": "51086b53",
            "settings": {
                "layout": "full_width",
                "gap": "no",
                "background_background": "classic",
                "margin": {
                    "unit": "px",
                    "top": "",
                    "right": 0,
                    "bottom": "",
                    "left": 0,
                    "isLinked": true
                },
                "padding": {
                    "unit": "px",
                    "top": "020",
                    "right": "0",
                    "bottom": "0",
                    "left": "120",
                    "isLinked": false
                },
                "__globals__": {
                    "background_color": "globals\/colors?id=primary"
                },
                "padding_mobile": {
                    "unit": "px",
                    "top": "10",
                    "right": "10",
                    "bottom": "10",
                    "left": "10",
                    "isLinked": true
                }
            },
            "elements": [
                {
                    "id": "9ab1b69",
                    "settings": {
                        "_column_size": 100,
                        "_inline_size": null,
                        "background_background": "classic",
                        "background_image": {
                            "url": "http:\/\/kit.nirmanavisual.com\/realux\/wp-content\/uploads\/sites\/30\/2023\/08\/modern-house-facade-2021-08-27-19-27-44-.jpg",
                            "id": 639,
                            "alt": "",
                            "source": "library"
                        },
                        "background_position": "initial",
                        "background_ypos": {
                            "unit": "px",
                            "size": -310,
                            "sizes": []
                        },
                        "background_repeat": "no-repeat",
                        "background_size": "cover",
                        "background_bg_width": {
                            "unit": "%",
                            "size": 62,
                            "sizes": []
                        },
                        "background_overlay_background": "classic",
                        "background_overlay_color": "#016F78",
                        "background_overlay_image": {
                            "url": "",
                            "id": "",
                            "alt": "",
                            "source": "library"
                        },
                        "background_overlay_position": "center center",
                        "background_overlay_repeat": "no-repeat",
                        "background_overlay_opacity": {
                            "unit": "px",
                            "size": 0.38,
                            "sizes": []
                        },
                        "css_filters_blur": {
                            "unit": "px",
                            "size": 1.2,
                            "sizes": []
                        },
                        "css_filters_brightness": {
                            "unit": "px",
                            "size": 55,
                            "sizes": []
                        },
                        "css_filters_contrast": {
                            "unit": "px",
                            "size": 120,
                            "sizes": []
                        },
                        "overlay_blend_mode": "multiply",
                        "border_radius": {
                            "unit": "px",
                            "top": "120",
                            "right": "0",
                            "bottom": "012",
                            "left": "012",
                            "isLinked": false
                        },
                        "margin": {
                            "unit": "px",
                            "top": "0",
                            "right": "0",
                            "bottom": "-50",
                            "left": "0",
                            "isLinked": false
                        },
                        "padding": {
                            "unit": "px",
                            "top": "150",
                            "right": "150",
                            "bottom": "150",
                            "left": "150",
                            "isLinked": true
                        },
                        "__globals__": {
                            "background_overlay_color": "globals\/colors?id=primary",
                            "background_color": ""
                        },
                        "padding_mobile": {
                            "unit": "px",
                            "top": "100",
                            "right": "100",
                            "bottom": "100",
                            "left": "100",
                            "isLinked": true
                        }
                    },
                    "elements": [
                        {
                            "id": "13f5c864",
                            "settings": {
                                "title": "Contact",
                                "align": "left",
                                "__globals__": {
                                    "typography_typography": "globals\/typography?id=3a29d08",
                                    "title_color": "globals\/colors?id=text"
                                },
                                "align_mobile": "center"
                            },
                            "elements": [],
                            "isInner": false,
                            "widgetType": "heading",
                            "elType": "widget"
                        }
                    ],
                    "isInner": false,
                    "elType": "column"
                }
            ],
            "isInner": false,
            "elType": "section"
        },
        {
            "id": "24f2acdc",
            "settings": {
                "structure": "20",
                "padding": {
                    "unit": "px",
                    "top": "150",
                    "right": "0",
                    "bottom": "120",
                    "left": "0",
                    "isLinked": false
                }
            },
            "elements": [
                {
                    "id": "1d8d3fcb",
                    "settings": {
                        "_column_size": 50,
                        "_inline_size": null
                    },
                    "elements": [
                        {
                            "id": "d29646f",
                            "settings": {
                                "title": "Get in<br>Touch",
                                "__globals__": {
                                    "typography_typography": "globals\/typography?id=3a29d08",
                                    "title_color": "globals\/colors?id=primary"
                                },
                                "align_mobile": "center",
                                "_animation": "fadeInLeft"
                            },
                            "elements": [],
                            "isInner": false,
                            "widgetType": "heading",
                            "elType": "widget"
                        },
                        {
                            "id": "70709e1a",
                            "settings": {
                                "editor": "<p>Lorem ipsum dolor sit amet, consectetur adipiscing elit.<\/p><p>Pulvinar mattis nunc sed blandit libero cursus turpis massa tincidunt dui\u00a0<\/p>",
                                "align": "left",
                                "align_mobile": "center"
                            },
                            "elements": [],
                            "isInner": false,
                            "widgetType": "text-editor",
                            "elType": "widget"
                        },
                        {
                            "id": "4533f683",
                            "settings": {
                                "width": {
                                    "unit": "%",
                                    "size": 72,
                                    "sizes": []
                                },
                                "text": "Divider",
                                "gap": {
                                    "unit": "px",
                                    "size": 5,
                                    "sizes": []
                                },
                                "__globals__": {
                                    "color": "globals\/colors?id=secondary"
                                }
                            },
                            "elements": [],
                            "isInner": false,
                            "widgetType": "divider",
                            "elType": "widget"
                        },
                        {
                            "id": "740631af",
                            "settings": {
                                "icon_list": [
                                    {
                                        "text": "hello@realestate.com",
                                        "selected_icon": {
                                            "value": "fas fa-envelope",
                                            "library": "fa-solid"
                                        },
                                        "_id": "79e9799"
                                    },
                                    {
                                        "text": "+1 234 567 890",
                                        "selected_icon": {
                                            "value": "fas fa-phone-alt",
                                            "library": "fa-solid"
                                        },
                                        "_id": "1c2feb8"
                                    },
                                    {
                                        "text": "Permata Ayu, Bali - Indonesia",
                                        "selected_icon": {
                                            "value": "fas fa-home",
                                            "library": "fa-solid"
                                        },
                                        "_id": "cce72c4"
                                    }
                                ],
                                "space_between": {
                                    "unit": "px",
                                    "size": 14,
                                    "sizes": []
                                },
                                "icon_size": {
                                    "unit": "px",
                                    "size": 30,
                                    "sizes": []
                                },
                                "__globals__": {
                                    "icon_typography_typography": "globals\/typography?id=14ecb95",
                                    "icon_color_hover": "globals\/colors?id=secondary"
                                }
                            },
                            "elements": [],
                            "isInner": false,
                            "widgetType": "icon-list",
                            "elType": "widget"
                        }
                    ],
                    "isInner": false,
                    "elType": "column"
                },
                {
                    "id": "4c3be576",
                    "settings": {
                        "_column_size": 50,
                        "_inline_size": null
                    },
                    "elements": [
                        {
                            "id": "c9e9826",
                            "settings": {
                                "mf_form_id": "1043***1693878956663",
                                "_border_radius": {
                                    "unit": "px",
                                    "top": "24",
                                    "right": "24",
                                    "bottom": "24",
                                    "left": "24",
                                    "isLinked": true
                                },
                                "_box_shadow_box_shadow_type": "yes",
                                "_box_shadow_box_shadow": {
                                    "horizontal": -20,
                                    "vertical": 20,
                                    "blur": 62,
                                    "spread": -33,
                                    "color": "rgba(0,0,0,0.5)"
                                }
                            },
                            "elements": [],
                            "isInner": false,
                            "widgetType": "metform",
                            "elType": "widget"
                        }
                    ],
                    "isInner": false,
                    "elType": "column"
                }
            ],
            "isInner": false,
            "elType": "section"
        }
    ]
}