{
    "version": "0.4",
    "title": "Footer",
    "type": "footer",
    "metadata": {
        "template_type": "section-footer",
        "include_in_zip": "1",
        "elementor_pro_required": "1",
        "elementor_library_type": "footer",
        "elementor_pro_conditions": [
            "include\/general"
        ],
        "additional_template_information": [
            "This is a \"Footer\" template for Elementor Pro.",
            "This template will display on: Entire Site."
        ],
        "wp_page_template": "default"
    },
    "content": [
        {
            "id": "73e6f43c",
            "settings": {
                "structure": "50",
                "background_background": "classic",
                "padding": {
                    "unit": "px",
                    "top": "070",
                    "right": "0",
                    "bottom": "50",
                    "left": "0",
                    "isLinked": false
                },
                "__globals__": {
                    "background_color": "globals\/colors?id=aa1a981"
                }
            },
            "elements": [
                {
                    "id": "5e6940e5",
                    "settings": {
                        "_column_size": 20,
                        "_inline_size": 24.386
                    },
                    "elements": [
                        {
                            "id": "37941233",
                            "settings": {
                                "image": {
                                    "url": "http:\/\/kit.nirmanavisual.com\/realux\/wp-content\/uploads\/sites\/30\/2023\/08\/Logo-Realuxe.png",
                                    "id": 449,
                                    "alt": "",
                                    "source": "library"
                                },
                                "align": "left",
                                "width": {
                                    "unit": "%",
                                    "size": 22,
                                    "sizes": []
                                },
                                "align_mobile": "center"
                            },
                            "elements": [],
                            "isInner": false,
                            "widgetType": "image",
                            "elType": "widget"
                        },
                        {
                            "id": "71958762",
                            "settings": {
                                "editor": "<p>&nbsp;consectetur adipiscing elit. Ut elit tellus, luctus nec ullamcorper mattis, pulvinar dapibus leo.<\/p>",
                                "__globals__": {
                                    "text_color": "globals\/colors?id=text",
                                    "typography_typography": "globals\/typography?id=b788efc"
                                }
                            },
                            "elements": [],
                            "isInner": false,
                            "widgetType": "text-editor",
                            "elType": "widget"
                        }
                    ],
                    "isInner": false,
                    "elType": "column"
                },
                {
                    "id": "3965b49c",
                    "settings": {
                        "_column_size": 20,
                        "_inline_size": 16.823
                    },
                    "elements": [],
                    "isInner": false,
                    "elType": "column"
                },
                {
                    "id": "290e8213",
                    "settings": {
                        "_column_size": 20,
                        "_inline_size": 16.125,
                        "_inline_size_mobile": 50
                    },
                    "elements": [
                        {
                            "id": "519e716d",
                            "settings": {
                                "title": "Useful Links",
                                "__globals__": {
                                    "typography_typography": "globals\/typography?id=14ecb95",
                                    "title_color": "globals\/colors?id=accent"
                                }
                            },
                            "elements": [],
                            "isInner": false,
                            "widgetType": "heading",
                            "elType": "widget"
                        },
                        {
                            "id": "112782b3",
                            "settings": {
                                "icon_list": [
                                    {
                                        "text": "About Us",
                                        "selected_icon": {
                                            "value": "",
                                            "library": ""
                                        },
                                        "_id": "90100ba"
                                    },
                                    {
                                        "text": "Careers",
                                        "selected_icon": {
                                            "value": "",
                                            "library": ""
                                        },
                                        "_id": "1c157b3"
                                    },
                                    {
                                        "text": "News",
                                        "selected_icon": {
                                            "value": "",
                                            "library": ""
                                        },
                                        "_id": "35972f8"
                                    },
                                    {
                                        "text": "Contact",
                                        "selected_icon": {
                                            "value": "",
                                            "library": ""
                                        },
                                        "_id": "b0eb039"
                                    },
                                    {
                                        "text": "FAQ",
                                        "selected_icon": {
                                            "value": "",
                                            "library": ""
                                        },
                                        "_id": "e158c56"
                                    }
                                ],
                                "__globals__": {
                                    "text_color": "globals\/colors?id=text",
                                    "icon_typography_typography": "globals\/typography?id=b788efc"
                                }
                            },
                            "elements": [],
                            "isInner": false,
                            "widgetType": "icon-list",
                            "elType": "widget"
                        }
                    ],
                    "isInner": false,
                    "elType": "column"
                },
                {
                    "id": "11c79130",
                    "settings": {
                        "_column_size": 20,
                        "_inline_size": 14.911,
                        "_inline_size_mobile": 50
                    },
                    "elements": [
                        {
                            "id": "6f5fcc6c",
                            "settings": {
                                "title": "Services",
                                "__globals__": {
                                    "typography_typography": "globals\/typography?id=14ecb95",
                                    "title_color": "globals\/colors?id=accent"
                                }
                            },
                            "elements": [],
                            "isInner": false,
                            "widgetType": "heading",
                            "elType": "widget"
                        },
                        {
                            "id": "254ba075",
                            "settings": {
                                "icon_list": [
                                    {
                                        "text": "About Us",
                                        "selected_icon": {
                                            "value": "",
                                            "library": ""
                                        },
                                        "_id": "90100ba"
                                    },
                                    {
                                        "text": "Careers",
                                        "selected_icon": {
                                            "value": "",
                                            "library": ""
                                        },
                                        "_id": "1c157b3"
                                    },
                                    {
                                        "text": "News",
                                        "selected_icon": {
                                            "value": "",
                                            "library": ""
                                        },
                                        "_id": "35972f8"
                                    },
                                    {
                                        "text": "Contact",
                                        "selected_icon": {
                                            "value": "",
                                            "library": ""
                                        },
                                        "_id": "b0eb039"
                                    },
                                    {
                                        "text": "FAQ",
                                        "selected_icon": {
                                            "value": "",
                                            "library": ""
                                        },
                                        "_id": "e158c56"
                                    }
                                ],
                                "__globals__": {
                                    "text_color": "globals\/colors?id=text",
                                    "icon_typography_typography": "globals\/typography?id=b788efc"
                                }
                            },
                            "elements": [],
                            "isInner": false,
                            "widgetType": "icon-list",
                            "elType": "widget"
                        }
                    ],
                    "isInner": false,
                    "elType": "column"
                },
                {
                    "id": "827c3c0",
                    "settings": {
                        "_column_size": 20,
                        "_inline_size": 27.712
                    },
                    "elements": [
                        {
                            "id": "111e609d",
                            "settings": {
                                "title": "Newsletter",
                                "__globals__": {
                                    "typography_typography": "globals\/typography?id=14ecb95",
                                    "title_color": "globals\/colors?id=accent"
                                }
                            },
                            "elements": [],
                            "isInner": false,
                            "widgetType": "heading",
                            "elType": "widget"
                        },
                        {
                            "id": "3dc5fa44",
                            "settings": {
                                "editor": "<p>Sign up our newsletter to get update information, news and free insight.<\/p>",
                                "_margin": {
                                    "unit": "px",
                                    "top": "0",
                                    "right": "0",
                                    "bottom": "-10",
                                    "left": "0",
                                    "isLinked": false
                                },
                                "__globals__": {
                                    "text_color": "globals\/colors?id=text",
                                    "typography_typography": "globals\/typography?id=b788efc"
                                }
                            },
                            "elements": [],
                            "isInner": false,
                            "widgetType": "text-editor",
                            "elType": "widget"
                        },
                        {
                            "id": "49aa1720",
                            "settings": {
                                "mf_form_id": "284***1693902797975"
                            },
                            "elements": [],
                            "isInner": false,
                            "widgetType": "metform",
                            "elType": "widget"
                        }
                    ],
                    "isInner": false,
                    "elType": "column"
                }
            ],
            "isInner": false,
            "elType": "section"
        }
    ]
}