{
    "version": "0.4",
    "title": "Global Kit Styles",
    "type": "section",
    "metadata": {
        "template_type": "global-styles",
        "include_in_zip": "1",
        "elementor_pro_required": null,
        "additional_template_information": [
            "These are the global theme styles configured through the Elementor Theme Styles area."
        ],
        "wp_page_template": "default"
    },
    "content": [],
    "page_settings": {
        "system_colors": [
            {
                "_id": "primary",
                "title": "Primary",
                "color": "#001B1D"
            },
            {
                "_id": "secondary",
                "title": "Secondary",
                "color": "#016F78"
            },
            {
                "_id": "text",
                "title": "Text",
                "color": "#FFFFFF"
            },
            {
                "_id": "accent",
                "title": "Accent",
                "color": "#45EDFA"
            }
        ],
        "custom_colors": [
            {
                "_id": "5e64578",
                "title": "Background",
                "color": "#EBF5F5"
            },
            {
                "_id": "2c40178",
                "title": "Dark Grey",
                "color": "#727B94"
            },
            {
                "_id": "f5f37a2",
                "title": "Dark Tosca",
                "color": "#2D4C4F"
            },
            {
                "_id": "aa1a981",
                "title": "Dark Green",
                "color": "#001B1D"
            },
            {
                "_id": "4efbb07",
                "title": "Grey Transparant",
                "color": "#727B94AB"
            },
            {
                "_id": "b7a2ddd",
                "title": "Grey",
                "color": "#999999"
            }
        ],
        "system_typography": [
            {
                "_id": "primary",
                "title": "Heading H1",
                "typography_typography": "custom",
                "typography_font_family": "Inter",
                "typography_font_weight": "900",
                "typography_font_size": {
                    "unit": "px",
                    "size": 136,
                    "sizes": []
                },
                "typography_text_transform": "uppercase",
                "typography_line_height": {
                    "unit": "px",
                    "size": 122,
                    "sizes": []
                },
                "typography_font_size_mobile": {
                    "unit": "em",
                    "size": 4.1,
                    "sizes": []
                },
                "typography_line_height_mobile": {
                    "unit": "em",
                    "size": 1.1,
                    "sizes": []
                }
            },
            {
                "_id": "secondary",
                "title": "Accent",
                "typography_typography": "custom",
                "typography_font_family": "Inter",
                "typography_font_weight": "500",
                "typography_font_size": {
                    "unit": "px",
                    "size": 14,
                    "sizes": []
                },
                "typography_line_height": {
                    "unit": "px",
                    "size": 20,
                    "sizes": []
                }
            },
            {
                "_id": "text",
                "title": "Text",
                "typography_typography": "custom",
                "typography_font_family": "Inter",
                "typography_font_weight": "400",
                "typography_font_size": {
                    "unit": "px",
                    "size": 16,
                    "sizes": []
                },
                "typography_line_height": {
                    "unit": "px",
                    "size": 24,
                    "sizes": []
                }
            },
            {
                "_id": "accent",
                "title": "Button",
                "typography_typography": "custom",
                "typography_font_family": "Inter",
                "typography_font_weight": "600",
                "typography_font_size": {
                    "unit": "px",
                    "size": 16,
                    "sizes": []
                },
                "typography_line_height": {
                    "unit": "px",
                    "size": 24,
                    "sizes": []
                }
            }
        ],
        "custom_typography": [
            {
                "_id": "3a29d08",
                "title": "Heading H2",
                "typography_typography": "custom",
                "typography_font_family": "Inter",
                "typography_font_size": {
                    "unit": "px",
                    "size": 56,
                    "sizes": []
                },
                "typography_font_weight": "700",
                "typography_line_height": {
                    "unit": "px",
                    "size": 60,
                    "sizes": []
                },
                "typography_font_size_mobile": {
                    "unit": "em",
                    "size": 2.1,
                    "sizes": []
                },
                "typography_line_height_mobile": {
                    "unit": "em",
                    "size": 1.3,
                    "sizes": []
                }
            },
            {
                "_id": "adf4689",
                "title": "Heading H3",
                "typography_typography": "custom",
                "typography_font_family": "Inter",
                "typography_font_size": {
                    "unit": "px",
                    "size": 23,
                    "sizes": []
                },
                "typography_font_weight": "700",
                "typography_line_height": {
                    "unit": "px",
                    "size": 32,
                    "sizes": []
                },
                "typography_font_size_mobile": {
                    "unit": "em",
                    "size": 1.1,
                    "sizes": []
                }
            },
            {
                "_id": "9d2bb11",
                "title": "Heading H4",
                "typography_typography": "custom",
                "typography_font_family": "Inter",
                "typography_font_size": {
                    "unit": "px",
                    "size": 24,
                    "sizes": []
                },
                "typography_font_weight": "600",
                "typography_line_height": {
                    "unit": "px",
                    "size": 24,
                    "sizes": []
                },
                "typography_font_size_tablet": {
                    "unit": "em",
                    "size": 1.1,
                    "sizes": []
                }
            },
            {
                "_id": "b788efc",
                "title": "Properties Name",
                "typography_typography": "custom",
                "typography_font_family": "Inter",
                "typography_font_size": {
                    "unit": "px",
                    "size": 14,
                    "sizes": []
                },
                "typography_line_height": {
                    "unit": "px",
                    "size": 20,
                    "sizes": []
                }
            },
            {
                "_id": "14ecb95",
                "title": "Price",
                "typography_typography": "custom",
                "typography_font_family": "Inter",
                "typography_font_size": {
                    "unit": "px",
                    "size": 16,
                    "sizes": []
                },
                "typography_font_weight": "600",
                "typography_line_height": {
                    "unit": "px",
                    "size": 24,
                    "sizes": []
                }
            },
            {
                "_id": "9e246dc",
                "title": "Small Text",
                "typography_typography": "custom",
                "typography_font_family": "Inter",
                "typography_font_size": {
                    "unit": "px",
                    "size": 12,
                    "sizes": []
                },
                "typography_font_weight": "400",
                "typography_line_height": {
                    "unit": "px",
                    "size": 16,
                    "sizes": []
                }
            },
            {
                "_id": "9493bb5",
                "title": "Small Heading ",
                "typography_typography": "custom",
                "typography_font_family": "Inter",
                "typography_font_size": {
                    "unit": "px",
                    "size": 16,
                    "sizes": []
                },
                "typography_text_transform": "uppercase",
                "typography_line_height": {
                    "unit": "px",
                    "size": 24,
                    "sizes": []
                }
            },
            {
                "_id": "92d098c",
                "title": "Heading H6",
                "typography_typography": "custom",
                "typography_font_family": "Inter",
                "typography_font_size": {
                    "unit": "px",
                    "size": 20,
                    "sizes": []
                },
                "typography_font_weight": "600",
                "typography_line_height": {
                    "unit": "px",
                    "size": 24,
                    "sizes": []
                }
            }
        ],
        "default_generic_fonts": "Sans-serif",
        "page_title_selector": "h1.entry-title",
        "hello_footer_copyright_text": "All rights reserved",
        "activeItemIndex": 1,
        "viewport_md": 768,
        "viewport_lg": 1025,
        "button_border_radius": {
            "unit": "px",
            "top": "999",
            "right": "999",
            "bottom": "999",
            "left": "999",
            "isLinked": true
        },
        "button_padding": {
            "unit": "px",
            "top": "012",
            "right": "024",
            "bottom": "012",
            "left": "024",
            "isLinked": false
        },
        "__globals__": {
            "button_typography_typography": "globals\/typography?id=accent",
            "button_text_color": "globals\/colors?id=primary",
            "button_background_color": "globals\/colors?id=accent",
            "button_hover_text_color": "globals\/colors?id=primary",
            "button_hover_background_color": "globals\/colors?id=text",
            "body_background_color": "globals\/colors?id=5e64578",
            "body_color": "globals\/colors?id=primary"
        },
        "button_typography_typography": "custom",
        "button_typography_font_family": "Inter",
        "button_typography_font_size": {
            "unit": "px",
            "size": 16,
            "sizes": []
        },
        "button_typography_font_weight": "600",
        "button_typography_line_height": {
            "unit": "px",
            "size": 24,
            "sizes": []
        },
        "button_text_color": "#001B1D",
        "button_background_color": "#45EDFA",
        "button_hover_text_color": "#001B1D",
        "button_hover_background_color": "#FFFFFF",
        "body_background_background": "classic",
        "body_background_color": "#EBF5F5"
    }
}