{
    "version": "0.4",
    "title": "Header",
    "type": "header",
    "metadata": {
        "template_type": "section-header",
        "include_in_zip": "1",
        "elementor_pro_required": "1",
        "elementor_library_type": "header",
        "elementor_pro_conditions": [
            "include\/general"
        ],
        "additional_template_information": [
            "This is a \"Header\" template for Elementor Pro.",
            "This template will display on: Entire Site."
        ],
        "wp_page_template": "default"
    },
    "content": [
        {
            "id": "29b27f7c",
            "settings": {
                "structure": "30",
                "background_background": "classic",
                "__globals__": {
                    "background_color": "globals\/colors?id=aa1a981"
                }
            },
            "elements": [
                {
                    "id": "5bdb2c65",
                    "settings": {
                        "_column_size": 33,
                        "_inline_size": 14.734,
                        "content_position": "center",
                        "_inline_size_mobile": 50
                    },
                    "elements": [
                        {
                            "id": "390e80e9",
                            "settings": {
                                "image": {
                                    "url": "http:\/\/kit.nirmanavisual.com\/realux\/wp-content\/uploads\/sites\/30\/2023\/08\/Logo-Realuxe.png",
                                    "id": 449,
                                    "alt": "",
                                    "source": "library"
                                },
                                "width": {
                                    "unit": "%",
                                    "size": 30,
                                    "sizes": []
                                },
                                "align_mobile": "left"
                            },
                            "elements": [],
                            "isInner": false,
                            "widgetType": "image",
                            "elType": "widget"
                        }
                    ],
                    "isInner": false,
                    "elType": "column"
                },
                {
                    "id": "7824786c",
                    "settings": {
                        "_column_size": 33,
                        "_inline_size": 73.525,
                        "content_position": "center",
                        "_inline_size_mobile": 50
                    },
                    "elements": [
                        {
                            "id": "6b2798a6",
                            "settings": {
                                "elementskit_nav_menu": "header",
                                "elementskit_main_menu_position": "elementskit-menu-po-center",
                                "elementskit_one_page_enable": "",
                                "elementskit_menubar_height": {
                                    "unit": "px",
                                    "size": 68,
                                    "sizes": []
                                },
                                "elementskit_submenu_container_width": "140px",
                                "__globals__": {
                                    "elementskit_menu_text_color": "globals\/colors?id=text",
                                    "elementskit_item_color_hover": "globals\/colors?id=accent",
                                    "elementskit_nav_menu_active_text_color": "globals\/colors?id=secondary",
                                    "elementskit_style_tab_submenu_indicator_color": "globals\/colors?id=5e64578",
                                    "elementskit_submenu_item_color": "globals\/colors?id=primary",
                                    "elementskit_item_text_color_hover": "globals\/colors?id=2c40178",
                                    "elementskit_nav_sub_menu_active_text_color": "globals\/colors?id=2c40178"
                                },
                                "elementskit_submenu_panel_border_radius": {
                                    "unit": "px",
                                    "top": "12",
                                    "right": "12",
                                    "bottom": "12",
                                    "left": "12",
                                    "isLinked": true
                                }
                            },
                            "elements": [],
                            "isInner": false,
                            "widgetType": "ekit-nav-menu",
                            "elType": "widget"
                        }
                    ],
                    "isInner": false,
                    "elType": "column"
                },
                {
                    "id": "9312488",
                    "settings": {
                        "_column_size": 33,
                        "_inline_size": 11.046,
                        "content_position": "center",
                        "align": "center"
                    },
                    "elements": [
                        {
                            "id": "64e0385d",
                            "settings": {
                                "text": "Contact",
                                "align_mobile": "center",
                                "link": {
                                    "url": "https:\/\/kit.nirmanavisual.com\/realux\/template-kit\/contact\/",
                                    "is_external": "",
                                    "nofollow": "",
                                    "custom_attributes": ""
                                }
                            },
                            "elements": [],
                            "isInner": false,
                            "widgetType": "button",
                            "elType": "widget"
                        }
                    ],
                    "isInner": false,
                    "elType": "column"
                }
            ],
            "isInner": false,
            "elType": "section"
        }
    ]
}