{
    "version": "0.4",
    "title": "Property Details",
    "type": "page",
    "metadata": {
        "template_type": "single-page",
        "include_in_zip": "1",
        "elementor_pro_required": null,
        "wp_page_template": "elementor_header_footer"
    },
    "content": [
        {
            "id": "697372ba",
            "settings": {
                "background_background": "slideshow",
                "background_image": {
                    "url": "http:\/\/kit.nirmanavisual.com\/realux\/wp-content\/uploads\/sites\/30\/2023\/08\/modern-house-facade-2021-08-27-19-27-44-.jpg",
                    "id": 639,
                    "alt": "",
                    "source": "library"
                },
                "background_slideshow_gallery": [
                    {
                        "id": 1124,
                        "url": "http:\/\/kit.nirmanavisual.com\/realux\/wp-content\/uploads\/sites\/30\/2023\/08\/Untitled-1.jpg"
                    },
                    {
                        "id": 1125,
                        "url": "http:\/\/kit.nirmanavisual.com\/realux\/wp-content\/uploads\/sites\/30\/2023\/08\/Untitled-2.jpg"
                    }
                ],
                "background_slideshow_background_size": "cover",
                "background_slideshow_background_position": "center center",
                "padding": {
                    "unit": "px",
                    "top": "200",
                    "right": "0",
                    "bottom": "300",
                    "left": "0",
                    "isLinked": false
                }
            },
            "elements": [
                {
                    "id": "6184f5c9",
                    "settings": {
                        "_column_size": 100,
                        "_inline_size": null
                    },
                    "elements": [],
                    "isInner": false,
                    "elType": "column"
                }
            ],
            "isInner": false,
            "elType": "section"
        },
        {
            "id": "54e32637",
            "settings": [],
            "elements": [],
            "isInner": false,
            "elType": "section"
        },
        {
            "id": "607216b0",
            "settings": [],
            "elements": [],
            "isInner": false,
            "elType": "section"
        },
        {
            "id": "589ca872",
            "settings": [],
            "elements": [],
            "isInner": false,
            "elType": "section"
        },
        {
            "id": "223f27d",
            "settings": {
                "structure": "20",
                "padding": {
                    "unit": "px",
                    "top": "80",
                    "right": "0",
                    "bottom": "0",
                    "left": "0",
                    "isLinked": false
                }
            },
            "elements": [
                {
                    "id": "46d91bed",
                    "settings": {
                        "_column_size": 50,
                        "_inline_size": 66.754,
                        "content_position": "center"
                    },
                    "elements": [
                        {
                            "id": "59fbf2e3",
                            "settings": {
                                "title": "Bali, Indonesia",
                                "__globals__": {
                                    "title_color": "globals\/colors?id=primary",
                                    "typography_typography": "globals\/typography?id=secondary"
                                },
                                "align_mobile": "center"
                            },
                            "elements": [],
                            "isInner": false,
                            "widgetType": "heading",
                            "elType": "widget"
                        },
                        {
                            "id": "51254281",
                            "settings": {
                                "title": "Permata Ayu Villa",
                                "__globals__": {
                                    "typography_typography": "globals\/typography?id=3a29d08",
                                    "title_color": "globals\/colors?id=primary"
                                },
                                "align_mobile": "center"
                            },
                            "elements": [],
                            "isInner": false,
                            "widgetType": "heading",
                            "elType": "widget"
                        },
                        {
                            "id": "25cd3cb2",
                            "settings": {
                                "editor": "Lorem ipsum dolor sit amet, consectetur adipiscing elit, sed do eiusmod tempor incididunt ut labore et dolore magna aliqua. Natoque penatibus et magnis dis parturient montes. Ut sem viverra aliquet eget sit amet tellus cras adipiscing. Aliquam eleifend mi in nulla posuere sollicitudin aliquam ultrices sagittis.",
                                "__globals__": {
                                    "text_color": "globals\/colors?id=primary",
                                    "typography_typography": "globals\/typography?id=text"
                                },
                                "align_mobile": "center"
                            },
                            "elements": [],
                            "isInner": false,
                            "widgetType": "text-editor",
                            "elType": "widget"
                        },
                        {
                            "id": "397b35b1",
                            "settings": {
                                "structure": "50"
                            },
                            "elements": [
                                {
                                    "id": "24c20432",
                                    "settings": {
                                        "_column_size": 20,
                                        "_inline_size": null,
                                        "_inline_size_mobile": 30,
                                        "content_position": "center",
                                        "align": "center",
                                        "background_background": "classic",
                                        "border_border": "solid",
                                        "border_width": {
                                            "unit": "px",
                                            "top": "0",
                                            "right": "01",
                                            "bottom": "0",
                                            "left": "0",
                                            "isLinked": false
                                        },
                                        "__globals__": {
                                            "background_color": "",
                                            "border_color": "globals\/colors?id=primary"
                                        }
                                    },
                                    "elements": [
                                        {
                                            "id": "8b50fb6",
                                            "settings": {
                                                "selected_icon": {
                                                    "value": "fas fa-home",
                                                    "library": "fa-solid"
                                                },
                                                "primary_color": "#016F78",
                                                "size": {
                                                    "unit": "px",
                                                    "size": 21,
                                                    "sizes": []
                                                },
                                                "icon_padding": {
                                                    "unit": "px",
                                                    "size": 6,
                                                    "sizes": []
                                                },
                                                "_element_width": "auto",
                                                "__globals__": {
                                                    "secondary_color": "",
                                                    "primary_color": "globals\/colors?id=secondary"
                                                },
                                                "_margin": {
                                                    "unit": "px",
                                                    "top": "0",
                                                    "right": "0",
                                                    "bottom": "-5",
                                                    "left": "0",
                                                    "isLinked": false
                                                },
                                                "_padding": {
                                                    "unit": "px",
                                                    "top": "0",
                                                    "right": "10",
                                                    "bottom": "0",
                                                    "left": "0",
                                                    "isLinked": false
                                                }
                                            },
                                            "elements": [],
                                            "isInner": false,
                                            "widgetType": "icon",
                                            "elType": "widget"
                                        },
                                        {
                                            "id": "64406d76",
                                            "settings": {
                                                "title": "2930 sqft",
                                                "_element_width": "auto",
                                                "_border_width": {
                                                    "unit": "px",
                                                    "top": "0",
                                                    "right": "01",
                                                    "bottom": "0",
                                                    "left": "0",
                                                    "isLinked": false
                                                },
                                                "__globals__": {
                                                    "typography_typography": "globals\/typography?id=14ecb95",
                                                    "_border_color": "globals\/colors?id=secondary"
                                                }
                                            },
                                            "elements": [],
                                            "isInner": false,
                                            "widgetType": "heading",
                                            "elType": "widget"
                                        }
                                    ],
                                    "isInner": true,
                                    "elType": "column"
                                },
                                {
                                    "id": "49fe5a56",
                                    "settings": {
                                        "_column_size": 20,
                                        "_inline_size": null,
                                        "_inline_size_mobile": 23,
                                        "content_position": "center",
                                        "align": "center",
                                        "background_background": "classic",
                                        "border_border": "solid",
                                        "border_width": {
                                            "unit": "px",
                                            "top": "0",
                                            "right": "01",
                                            "bottom": "0",
                                            "left": "0",
                                            "isLinked": false
                                        },
                                        "__globals__": {
                                            "background_color": "",
                                            "border_color": "globals\/colors?id=primary"
                                        }
                                    },
                                    "elements": [
                                        {
                                            "id": "76128c3f",
                                            "settings": {
                                                "selected_icon": {
                                                    "value": "fas fa-bed",
                                                    "library": "fa-solid"
                                                },
                                                "primary_color": "#016F78",
                                                "size": {
                                                    "unit": "px",
                                                    "size": 21,
                                                    "sizes": []
                                                },
                                                "icon_padding": {
                                                    "unit": "px",
                                                    "size": 6,
                                                    "sizes": []
                                                },
                                                "_element_width": "auto",
                                                "__globals__": {
                                                    "secondary_color": "",
                                                    "primary_color": "globals\/colors?id=secondary"
                                                },
                                                "_margin": {
                                                    "unit": "px",
                                                    "top": "0",
                                                    "right": "0",
                                                    "bottom": "-5",
                                                    "left": "0",
                                                    "isLinked": false
                                                },
                                                "_padding": {
                                                    "unit": "px",
                                                    "top": "0",
                                                    "right": "10",
                                                    "bottom": "0",
                                                    "left": "0",
                                                    "isLinked": false
                                                }
                                            },
                                            "elements": [],
                                            "isInner": false,
                                            "widgetType": "icon",
                                            "elType": "widget"
                                        },
                                        {
                                            "id": "45ce815d",
                                            "settings": {
                                                "title": "3",
                                                "_element_width": "auto",
                                                "_border_width": {
                                                    "unit": "px",
                                                    "top": "0",
                                                    "right": "01",
                                                    "bottom": "0",
                                                    "left": "0",
                                                    "isLinked": false
                                                },
                                                "__globals__": {
                                                    "typography_typography": "globals\/typography?id=14ecb95",
                                                    "_border_color": "globals\/colors?id=secondary"
                                                }
                                            },
                                            "elements": [],
                                            "isInner": false,
                                            "widgetType": "heading",
                                            "elType": "widget"
                                        }
                                    ],
                                    "isInner": true,
                                    "elType": "column"
                                },
                                {
                                    "id": "3fe89c0f",
                                    "settings": {
                                        "_column_size": 20,
                                        "_inline_size": null,
                                        "_inline_size_mobile": 24,
                                        "content_position": "center",
                                        "align": "center",
                                        "background_background": "classic",
                                        "border_border": "solid",
                                        "border_width": {
                                            "unit": "px",
                                            "top": "0",
                                            "right": "01",
                                            "bottom": "0",
                                            "left": "0",
                                            "isLinked": false
                                        },
                                        "__globals__": {
                                            "background_color": "",
                                            "border_color": "globals\/colors?id=primary"
                                        }
                                    },
                                    "elements": [
                                        {
                                            "id": "2309029",
                                            "settings": {
                                                "selected_icon": {
                                                    "value": "fas fa-bath",
                                                    "library": "fa-solid"
                                                },
                                                "primary_color": "#016F78",
                                                "size": {
                                                    "unit": "px",
                                                    "size": 21,
                                                    "sizes": []
                                                },
                                                "icon_padding": {
                                                    "unit": "px",
                                                    "size": 6,
                                                    "sizes": []
                                                },
                                                "_element_width": "auto",
                                                "__globals__": {
                                                    "secondary_color": "",
                                                    "primary_color": "globals\/colors?id=secondary"
                                                },
                                                "_margin": {
                                                    "unit": "px",
                                                    "top": "0",
                                                    "right": "0",
                                                    "bottom": "-5",
                                                    "left": "0",
                                                    "isLinked": false
                                                },
                                                "_padding": {
                                                    "unit": "px",
                                                    "top": "0",
                                                    "right": "10",
                                                    "bottom": "0",
                                                    "left": "0",
                                                    "isLinked": false
                                                }
                                            },
                                            "elements": [],
                                            "isInner": false,
                                            "widgetType": "icon",
                                            "elType": "widget"
                                        },
                                        {
                                            "id": "69397c6d",
                                            "settings": {
                                                "title": "2.5",
                                                "_element_width": "auto",
                                                "_border_width": {
                                                    "unit": "px",
                                                    "top": "0",
                                                    "right": "01",
                                                    "bottom": "0",
                                                    "left": "0",
                                                    "isLinked": false
                                                },
                                                "__globals__": {
                                                    "typography_typography": "globals\/typography?id=14ecb95",
                                                    "_border_color": "globals\/colors?id=secondary"
                                                }
                                            },
                                            "elements": [],
                                            "isInner": false,
                                            "widgetType": "heading",
                                            "elType": "widget"
                                        }
                                    ],
                                    "isInner": true,
                                    "elType": "column"
                                },
                                {
                                    "id": "b7a7543",
                                    "settings": {
                                        "_column_size": 20,
                                        "_inline_size": null,
                                        "_inline_size_mobile": 23,
                                        "content_position": "center",
                                        "align": "center",
                                        "background_background": "classic",
                                        "__globals__": {
                                            "background_color": "",
                                            "border_color": "globals\/colors?id=primary"
                                        }
                                    },
                                    "elements": [
                                        {
                                            "id": "426dcb37",
                                            "settings": {
                                                "selected_icon": {
                                                    "value": "icon icon-car",
                                                    "library": "ekiticons"
                                                },
                                                "primary_color": "#016F78",
                                                "size": {
                                                    "unit": "px",
                                                    "size": 21,
                                                    "sizes": []
                                                },
                                                "icon_padding": {
                                                    "unit": "px",
                                                    "size": 6,
                                                    "sizes": []
                                                },
                                                "_element_width": "auto",
                                                "__globals__": {
                                                    "secondary_color": "",
                                                    "primary_color": "globals\/colors?id=secondary"
                                                },
                                                "_margin": {
                                                    "unit": "px",
                                                    "top": "0",
                                                    "right": "0",
                                                    "bottom": "-5",
                                                    "left": "0",
                                                    "isLinked": false
                                                },
                                                "_padding": {
                                                    "unit": "px",
                                                    "top": "0",
                                                    "right": "10",
                                                    "bottom": "0",
                                                    "left": "0",
                                                    "isLinked": false
                                                }
                                            },
                                            "elements": [],
                                            "isInner": false,
                                            "widgetType": "icon",
                                            "elType": "widget"
                                        },
                                        {
                                            "id": "714c661f",
                                            "settings": {
                                                "title": "2",
                                                "_element_width": "auto",
                                                "_border_width": {
                                                    "unit": "px",
                                                    "top": "0",
                                                    "right": "01",
                                                    "bottom": "0",
                                                    "left": "0",
                                                    "isLinked": false
                                                },
                                                "__globals__": {
                                                    "typography_typography": "globals\/typography?id=14ecb95",
                                                    "_border_color": "globals\/colors?id=secondary"
                                                }
                                            },
                                            "elements": [],
                                            "isInner": false,
                                            "widgetType": "heading",
                                            "elType": "widget"
                                        }
                                    ],
                                    "isInner": true,
                                    "elType": "column"
                                },
                                {
                                    "id": "5c5ff675",
                                    "settings": {
                                        "_column_size": 20,
                                        "_inline_size": null
                                    },
                                    "elements": [],
                                    "isInner": true,
                                    "elType": "column"
                                }
                            ],
                            "isInner": true,
                            "elType": "section"
                        }
                    ],
                    "isInner": false,
                    "elType": "column"
                },
                {
                    "id": "62d170ae",
                    "settings": {
                        "_column_size": 50,
                        "_inline_size": 33.202
                    },
                    "elements": [
                        {
                            "id": "1a8d0435",
                            "settings": {
                                "mf_form_id": "1140***1693885939105"
                            },
                            "elements": [],
                            "isInner": false,
                            "widgetType": "metform",
                            "elType": "widget"
                        }
                    ],
                    "isInner": false,
                    "elType": "column"
                }
            ],
            "isInner": false,
            "elType": "section"
        },
        {
            "id": "1486555",
            "settings": {
                "structure": "20",
                "padding": {
                    "unit": "px",
                    "top": "20",
                    "right": "0",
                    "bottom": "20",
                    "left": "0",
                    "isLinked": false
                }
            },
            "elements": [
                {
                    "id": "334c9fc0",
                    "settings": {
                        "_column_size": 50,
                        "_inline_size": 66.841
                    },
                    "elements": [
                        {
                            "id": "75630cf5",
                            "settings": {
                                "title": "Private Villa in Nature",
                                "__globals__": {
                                    "typography_typography": "globals\/typography?id=adf4689",
                                    "title_color": "globals\/colors?id=primary"
                                },
                                "align_mobile": "center"
                            },
                            "elements": [],
                            "isInner": false,
                            "widgetType": "heading",
                            "elType": "widget"
                        },
                        {
                            "id": "7dac5beb",
                            "settings": {
                                "editor": "Lorem ipsum dolor sit amet, consectetur adipiscing elit, sed do eiusmod tempor incididunt ut labore et dolore magna aliqua. Natoque penatibus et magnis dis parturient montes. Ut sem viverra aliquet eget sit amet tellus cras adipiscing. Aliquam eleifend mi in nulla posuere sollicitudin aliquam ultrices sagittis.",
                                "__globals__": {
                                    "text_color": "globals\/colors?id=primary",
                                    "typography_typography": "globals\/typography?id=text"
                                },
                                "align_mobile": "center"
                            },
                            "elements": [],
                            "isInner": false,
                            "widgetType": "text-editor",
                            "elType": "widget"
                        }
                    ],
                    "isInner": false,
                    "elType": "column"
                },
                {
                    "id": "16645d97",
                    "settings": {
                        "_column_size": 50,
                        "_inline_size": 33.115,
                        "background_background": "classic",
                        "border_radius": {
                            "unit": "px",
                            "top": "32",
                            "right": "32",
                            "bottom": "32",
                            "left": "32",
                            "isLinked": true
                        },
                        "margin": {
                            "unit": "px",
                            "top": "10",
                            "right": "10",
                            "bottom": "10",
                            "left": "10",
                            "isLinked": false
                        },
                        "padding": {
                            "unit": "px",
                            "top": "20",
                            "right": "20",
                            "bottom": "20",
                            "left": "20",
                            "isLinked": true
                        },
                        "__globals__": {
                            "background_color": "globals\/colors?id=text"
                        }
                    },
                    "elements": [
                        {
                            "id": "5ca8a184",
                            "settings": {
                                "title": "Reach The Agent",
                                "__globals__": {
                                    "typography_typography": "globals\/typography?id=92d098c",
                                    "title_color": "globals\/colors?id=primary"
                                },
                                "align_mobile": "center",
                                "align": "center"
                            },
                            "elements": [],
                            "isInner": false,
                            "widgetType": "heading",
                            "elType": "widget"
                        },
                        {
                            "id": "5bbce9d6",
                            "settings": {
                                "structure": "20",
                                "margin": {
                                    "unit": "px",
                                    "top": "-18",
                                    "right": 0,
                                    "bottom": "0",
                                    "left": 0,
                                    "isLinked": false
                                }
                            },
                            "elements": [
                                {
                                    "id": "63cc0d28",
                                    "settings": {
                                        "_column_size": 50,
                                        "_inline_size": 33.729
                                    },
                                    "elements": [
                                        {
                                            "id": "32170b1e",
                                            "settings": {
                                                "image": {
                                                    "url": "http:\/\/kit.nirmanavisual.com\/realux\/wp-content\/uploads\/sites\/30\/2023\/08\/Teams3.jpg",
                                                    "id": 1021,
                                                    "alt": "",
                                                    "source": "library"
                                                },
                                                "align": "left",
                                                "width": {
                                                    "unit": "%",
                                                    "size": 100,
                                                    "sizes": []
                                                },
                                                "image_border_radius": {
                                                    "unit": "px",
                                                    "top": "999",
                                                    "right": "999",
                                                    "bottom": "999",
                                                    "left": "999",
                                                    "isLinked": true
                                                }
                                            },
                                            "elements": [],
                                            "isInner": false,
                                            "widgetType": "image",
                                            "elType": "widget"
                                        }
                                    ],
                                    "isInner": true,
                                    "elType": "column"
                                },
                                {
                                    "id": "4ee33ce3",
                                    "settings": {
                                        "_column_size": 50,
                                        "_inline_size": 66.271
                                    },
                                    "elements": [
                                        {
                                            "id": "75ba586f",
                                            "settings": {
                                                "title": "Andy Doe",
                                                "__globals__": {
                                                    "title_color": "globals\/colors?id=primary",
                                                    "typography_typography": "globals\/typography?id=14ecb95"
                                                },
                                                "align_mobile": "center"
                                            },
                                            "elements": [],
                                            "isInner": false,
                                            "widgetType": "heading",
                                            "elType": "widget"
                                        },
                                        {
                                            "id": "2773b7e8",
                                            "settings": {
                                                "icon_list": [
                                                    {
                                                        "text": "+0361 234 567",
                                                        "selected_icon": {
                                                            "value": "fas fa-phone-alt",
                                                            "library": "fa-solid"
                                                        },
                                                        "_id": "8b9e007"
                                                    },
                                                    {
                                                        "text": "mail@costumer.com",
                                                        "selected_icon": {
                                                            "value": "fas fa-envelope",
                                                            "library": "fa-solid"
                                                        },
                                                        "_id": "2427e1a"
                                                    }
                                                ],
                                                "space_between": {
                                                    "unit": "px",
                                                    "size": 9,
                                                    "sizes": []
                                                },
                                                "_margin": {
                                                    "unit": "px",
                                                    "top": "-10",
                                                    "right": "0",
                                                    "bottom": "0",
                                                    "left": "0",
                                                    "isLinked": false
                                                }
                                            },
                                            "elements": [],
                                            "isInner": false,
                                            "widgetType": "icon-list",
                                            "elType": "widget"
                                        }
                                    ],
                                    "isInner": true,
                                    "elType": "column"
                                }
                            ],
                            "isInner": true,
                            "elType": "section"
                        }
                    ],
                    "isInner": false,
                    "elType": "column"
                }
            ],
            "isInner": false,
            "elType": "section"
        },
        {
            "id": "49746ae8",
            "settings": [],
            "elements": [
                {
                    "id": "1b0bb04",
                    "settings": {
                        "_column_size": 100,
                        "_inline_size": null
                    },
                    "elements": [
                        {
                            "id": "2d538c26",
                            "settings": {
                                "title": "Property Amenities",
                                "__globals__": {
                                    "typography_typography": "globals\/typography?id=adf4689",
                                    "title_color": "globals\/colors?id=primary"
                                },
                                "align_mobile": "center"
                            },
                            "elements": [],
                            "isInner": false,
                            "widgetType": "heading",
                            "elType": "widget"
                        },
                        {
                            "id": "406f033d",
                            "settings": {
                                "structure": "40",
                                "padding": {
                                    "unit": "px",
                                    "top": "010",
                                    "right": "0",
                                    "bottom": "010",
                                    "left": "0",
                                    "isLinked": false
                                }
                            },
                            "elements": [
                                {
                                    "id": "a80a867",
                                    "settings": {
                                        "_column_size": 25,
                                        "_inline_size": null
                                    },
                                    "elements": [
                                        {
                                            "id": "36aadf6a",
                                            "settings": {
                                                "align": "left",
                                                "size": {
                                                    "unit": "px",
                                                    "size": 24,
                                                    "sizes": []
                                                },
                                                "_element_width": "auto",
                                                "selected_icon": {
                                                    "value": "fas fa-camera",
                                                    "library": "fa-solid"
                                                },
                                                "__globals__": {
                                                    "primary_color": "globals\/colors?id=primary"
                                                }
                                            },
                                            "elements": [],
                                            "isInner": false,
                                            "widgetType": "icon",
                                            "elType": "widget"
                                        },
                                        {
                                            "id": "32c576ee",
                                            "settings": {
                                                "title": "Security Camera",
                                                "__globals__": {
                                                    "typography_typography": "globals\/typography?id=14ecb95",
                                                    "title_color": "globals\/colors?id=primary"
                                                },
                                                "align_mobile": "center",
                                                "_padding": {
                                                    "unit": "px",
                                                    "top": "05",
                                                    "right": "0",
                                                    "bottom": "0",
                                                    "left": "15",
                                                    "isLinked": false
                                                },
                                                "_element_width": "auto"
                                            },
                                            "elements": [],
                                            "isInner": false,
                                            "widgetType": "heading",
                                            "elType": "widget"
                                        }
                                    ],
                                    "isInner": true,
                                    "elType": "column"
                                },
                                {
                                    "id": "7451346b",
                                    "settings": {
                                        "_column_size": 25,
                                        "_inline_size": null
                                    },
                                    "elements": [
                                        {
                                            "id": "56c6f27b",
                                            "settings": {
                                                "align": "left",
                                                "size": {
                                                    "unit": "px",
                                                    "size": 24,
                                                    "sizes": []
                                                },
                                                "_element_width": "auto",
                                                "selected_icon": {
                                                    "value": "fas fa-wifi",
                                                    "library": "fa-solid"
                                                },
                                                "__globals__": {
                                                    "primary_color": "globals\/colors?id=primary"
                                                }
                                            },
                                            "elements": [],
                                            "isInner": false,
                                            "widgetType": "icon",
                                            "elType": "widget"
                                        },
                                        {
                                            "id": "55f17fd3",
                                            "settings": {
                                                "title": "Internet",
                                                "__globals__": {
                                                    "typography_typography": "globals\/typography?id=14ecb95",
                                                    "title_color": "globals\/colors?id=primary"
                                                },
                                                "align_mobile": "center",
                                                "_padding": {
                                                    "unit": "px",
                                                    "top": "05",
                                                    "right": "0",
                                                    "bottom": "0",
                                                    "left": "15",
                                                    "isLinked": false
                                                },
                                                "_element_width": "auto"
                                            },
                                            "elements": [],
                                            "isInner": false,
                                            "widgetType": "heading",
                                            "elType": "widget"
                                        }
                                    ],
                                    "isInner": true,
                                    "elType": "column"
                                },
                                {
                                    "id": "500e225c",
                                    "settings": {
                                        "_column_size": 25,
                                        "_inline_size": null
                                    },
                                    "elements": [
                                        {
                                            "id": "22b4b9fd",
                                            "settings": {
                                                "align": "left",
                                                "size": {
                                                    "unit": "px",
                                                    "size": 24,
                                                    "sizes": []
                                                },
                                                "_element_width": "auto",
                                                "selected_icon": {
                                                    "value": "fas fa-swimming-pool",
                                                    "library": "fa-solid"
                                                },
                                                "__globals__": {
                                                    "primary_color": "globals\/colors?id=primary"
                                                }
                                            },
                                            "elements": [],
                                            "isInner": false,
                                            "widgetType": "icon",
                                            "elType": "widget"
                                        },
                                        {
                                            "id": "26427068",
                                            "settings": {
                                                "title": "Pool",
                                                "__globals__": {
                                                    "typography_typography": "globals\/typography?id=14ecb95",
                                                    "title_color": "globals\/colors?id=primary"
                                                },
                                                "align_mobile": "center",
                                                "_padding": {
                                                    "unit": "px",
                                                    "top": "05",
                                                    "right": "0",
                                                    "bottom": "0",
                                                    "left": "15",
                                                    "isLinked": false
                                                },
                                                "_element_width": "auto"
                                            },
                                            "elements": [],
                                            "isInner": false,
                                            "widgetType": "heading",
                                            "elType": "widget"
                                        }
                                    ],
                                    "isInner": true,
                                    "elType": "column"
                                },
                                {
                                    "id": "275941b8",
                                    "settings": {
                                        "_column_size": 25,
                                        "_inline_size": null
                                    },
                                    "elements": [],
                                    "isInner": true,
                                    "elType": "column"
                                }
                            ],
                            "isInner": true,
                            "elType": "section"
                        },
                        {
                            "id": "7fcf5231",
                            "settings": {
                                "structure": "40",
                                "padding": {
                                    "unit": "px",
                                    "top": "10",
                                    "right": "0",
                                    "bottom": "10",
                                    "left": "0",
                                    "isLinked": false
                                }
                            },
                            "elements": [
                                {
                                    "id": "4dec67d",
                                    "settings": {
                                        "_column_size": 25,
                                        "_inline_size": null
                                    },
                                    "elements": [
                                        {
                                            "id": "25b14391",
                                            "settings": {
                                                "align": "left",
                                                "size": {
                                                    "unit": "px",
                                                    "size": 24,
                                                    "sizes": []
                                                },
                                                "_element_width": "auto",
                                                "selected_icon": {
                                                    "value": "fas fa-leaf",
                                                    "library": "fa-solid"
                                                },
                                                "__globals__": {
                                                    "primary_color": "globals\/colors?id=primary"
                                                }
                                            },
                                            "elements": [],
                                            "isInner": false,
                                            "widgetType": "icon",
                                            "elType": "widget"
                                        },
                                        {
                                            "id": "402cd4e1",
                                            "settings": {
                                                "title": "Garden",
                                                "__globals__": {
                                                    "typography_typography": "globals\/typography?id=14ecb95",
                                                    "title_color": "globals\/colors?id=primary"
                                                },
                                                "align_mobile": "center",
                                                "_padding": {
                                                    "unit": "px",
                                                    "top": "05",
                                                    "right": "0",
                                                    "bottom": "0",
                                                    "left": "15",
                                                    "isLinked": false
                                                },
                                                "_element_width": "auto"
                                            },
                                            "elements": [],
                                            "isInner": false,
                                            "widgetType": "heading",
                                            "elType": "widget"
                                        }
                                    ],
                                    "isInner": true,
                                    "elType": "column"
                                },
                                {
                                    "id": "2f6cd03f",
                                    "settings": {
                                        "_column_size": 25,
                                        "_inline_size": null
                                    },
                                    "elements": [
                                        {
                                            "id": "73e7ecf0",
                                            "settings": {
                                                "align": "left",
                                                "size": {
                                                    "unit": "px",
                                                    "size": 24,
                                                    "sizes": []
                                                },
                                                "_element_width": "auto",
                                                "selected_icon": {
                                                    "value": "fas fa-water",
                                                    "library": "fa-solid"
                                                },
                                                "__globals__": {
                                                    "primary_color": "globals\/colors?id=primary"
                                                }
                                            },
                                            "elements": [],
                                            "isInner": false,
                                            "widgetType": "icon",
                                            "elType": "widget"
                                        },
                                        {
                                            "id": "6d3da9c",
                                            "settings": {
                                                "title": "Laundry",
                                                "__globals__": {
                                                    "typography_typography": "globals\/typography?id=14ecb95",
                                                    "title_color": "globals\/colors?id=primary"
                                                },
                                                "align_mobile": "center",
                                                "_padding": {
                                                    "unit": "px",
                                                    "top": "05",
                                                    "right": "0",
                                                    "bottom": "0",
                                                    "left": "15",
                                                    "isLinked": false
                                                },
                                                "_element_width": "auto"
                                            },
                                            "elements": [],
                                            "isInner": false,
                                            "widgetType": "heading",
                                            "elType": "widget"
                                        }
                                    ],
                                    "isInner": true,
                                    "elType": "column"
                                },
                                {
                                    "id": "63f0ce15",
                                    "settings": {
                                        "_column_size": 25,
                                        "_inline_size": null
                                    },
                                    "elements": [
                                        {
                                            "id": "a864526",
                                            "settings": {
                                                "align": "left",
                                                "size": {
                                                    "unit": "px",
                                                    "size": 24,
                                                    "sizes": []
                                                },
                                                "_element_width": "auto",
                                                "selected_icon": {
                                                    "value": "fas fa-car",
                                                    "library": "fa-solid"
                                                },
                                                "__globals__": {
                                                    "primary_color": "globals\/colors?id=primary"
                                                }
                                            },
                                            "elements": [],
                                            "isInner": false,
                                            "widgetType": "icon",
                                            "elType": "widget"
                                        },
                                        {
                                            "id": "69f39039",
                                            "settings": {
                                                "title": "Garage",
                                                "__globals__": {
                                                    "typography_typography": "globals\/typography?id=14ecb95",
                                                    "title_color": "globals\/colors?id=primary"
                                                },
                                                "align_mobile": "center",
                                                "_padding": {
                                                    "unit": "px",
                                                    "top": "05",
                                                    "right": "0",
                                                    "bottom": "0",
                                                    "left": "15",
                                                    "isLinked": false
                                                },
                                                "_element_width": "auto"
                                            },
                                            "elements": [],
                                            "isInner": false,
                                            "widgetType": "heading",
                                            "elType": "widget"
                                        }
                                    ],
                                    "isInner": true,
                                    "elType": "column"
                                },
                                {
                                    "id": "745b8f99",
                                    "settings": {
                                        "_column_size": 25,
                                        "_inline_size": null
                                    },
                                    "elements": [],
                                    "isInner": true,
                                    "elType": "column"
                                }
                            ],
                            "isInner": true,
                            "elType": "section"
                        }
                    ],
                    "isInner": false,
                    "elType": "column"
                }
            ],
            "isInner": false,
            "elType": "section"
        },
        {
            "id": "6355ac50",
            "settings": {
                "padding": {
                    "unit": "px",
                    "top": "080",
                    "right": "0",
                    "bottom": "80",
                    "left": "0",
                    "isLinked": false
                }
            },
            "elements": [
                {
                    "id": "7b99fe6d",
                    "settings": {
                        "_column_size": 100,
                        "_inline_size": null
                    },
                    "elements": [
                        {
                            "id": "1a87c53b",
                            "settings": {
                                "title": "Property Gallery",
                                "__globals__": {
                                    "typography_typography": "globals\/typography?id=adf4689",
                                    "title_color": "globals\/colors?id=primary"
                                },
                                "align_mobile": "center"
                            },
                            "elements": [],
                            "isInner": false,
                            "widgetType": "heading",
                            "elType": "widget"
                        },
                        {
                            "id": "97d58af",
                            "settings": {
                                "wp_gallery": [
                                    {
                                        "id": 1322,
                                        "url": "http:\/\/kit.nirmanavisual.com\/realux\/wp-content\/uploads\/sites\/30\/2023\/09\/living-room-interior.jpg"
                                    },
                                    {
                                        "id": 1321,
                                        "url": "http:\/\/kit.nirmanavisual.com\/realux\/wp-content\/uploads\/sites\/30\/2023\/09\/interior-of-bedroom-2021-10-21-02-43-58-utc.jpg"
                                    },
                                    {
                                        "id": 1320,
                                        "url": "http:\/\/kit.nirmanavisual.com\/realux\/wp-content\/uploads\/sites\/30\/2023\/09\/interior-of-beautiful-modern-office-.jpg"
                                    },
                                    {
                                        "id": 1319,
                                        "url": "http:\/\/kit.nirmanavisual.com\/realux\/wp-content\/uploads\/sites\/30\/2023\/09\/dining-room-interiors.jpg"
                                    },
                                    {
                                        "id": 1318,
                                        "url": "http:\/\/kit.nirmanavisual.com\/realux\/wp-content\/uploads\/sites\/30\/2023\/09\/cozy-white-empty-kitchen-interior-made-in-rural-s.jpg"
                                    },
                                    {
                                        "id": 1317,
                                        "url": "http:\/\/kit.nirmanavisual.com\/realux\/wp-content\/uploads\/sites\/30\/2023\/09\/apartment-interior-in-white-and-blue.jpg"
                                    }
                                ],
                                "thumbnail_size": "medium_large",
                                "gallery_columns": "3",
                                "image_spacing": "custom",
                                "image_spacing_custom": {
                                    "unit": "px",
                                    "size": 35,
                                    "sizes": []
                                }
                            },
                            "elements": [],
                            "isInner": false,
                            "widgetType": "image-gallery",
                            "elType": "widget"
                        }
                    ],
                    "isInner": false,
                    "elType": "column"
                }
            ],
            "isInner": false,
            "elType": "section"
        }
    ]
}