{
    "version": "0.4",
    "title": "Service",
    "type": "page",
    "metadata": {
        "template_type": "single-page",
        "include_in_zip": "1",
        "elementor_pro_required": null,
        "wp_page_template": "elementor_header_footer"
    },
    "content": [
        {
            "id": "12e79dd4",
            "settings": {
                "layout": "full_width",
                "gap": "no",
                "background_background": "classic",
                "margin": {
                    "unit": "px",
                    "top": "",
                    "right": 0,
                    "bottom": "",
                    "left": 0,
                    "isLinked": true
                },
                "padding": {
                    "unit": "px",
                    "top": "020",
                    "right": "0",
                    "bottom": "0",
                    "left": "120",
                    "isLinked": false
                },
                "__globals__": {
                    "background_color": "globals\/colors?id=primary"
                },
                "padding_mobile": {
                    "unit": "px",
                    "top": "10",
                    "right": "10",
                    "bottom": "10",
                    "left": "10",
                    "isLinked": true
                },
                "z_index": 1
            },
            "elements": [
                {
                    "id": "462bb6ca",
                    "settings": {
                        "_column_size": 100,
                        "_inline_size": null,
                        "background_background": "classic",
                        "background_image": {
                            "url": "http:\/\/kit.nirmanavisual.com\/realux\/wp-content\/uploads\/sites\/30\/2023\/08\/modern-house-facade-2021-08-27-19-27-44-.jpg",
                            "id": 639,
                            "alt": "",
                            "source": "library"
                        },
                        "background_position": "initial",
                        "background_ypos": {
                            "unit": "px",
                            "size": -310,
                            "sizes": []
                        },
                        "background_repeat": "no-repeat",
                        "background_size": "cover",
                        "background_bg_width": {
                            "unit": "%",
                            "size": 62,
                            "sizes": []
                        },
                        "background_overlay_background": "classic",
                        "background_overlay_color": "#016F78",
                        "background_overlay_image": {
                            "url": "",
                            "id": "",
                            "alt": "",
                            "source": "library"
                        },
                        "background_overlay_position": "center center",
                        "background_overlay_repeat": "no-repeat",
                        "background_overlay_opacity": {
                            "unit": "px",
                            "size": 0.38,
                            "sizes": []
                        },
                        "css_filters_blur": {
                            "unit": "px",
                            "size": 1.2,
                            "sizes": []
                        },
                        "css_filters_brightness": {
                            "unit": "px",
                            "size": 55,
                            "sizes": []
                        },
                        "css_filters_contrast": {
                            "unit": "px",
                            "size": 120,
                            "sizes": []
                        },
                        "overlay_blend_mode": "multiply",
                        "border_radius": {
                            "unit": "px",
                            "top": "120",
                            "right": "0",
                            "bottom": "012",
                            "left": "012",
                            "isLinked": false
                        },
                        "margin": {
                            "unit": "px",
                            "top": "0",
                            "right": "0",
                            "bottom": "-50",
                            "left": "0",
                            "isLinked": false
                        },
                        "padding": {
                            "unit": "px",
                            "top": "150",
                            "right": "150",
                            "bottom": "150",
                            "left": "150",
                            "isLinked": true
                        },
                        "__globals__": {
                            "background_overlay_color": "globals\/colors?id=primary",
                            "background_color": ""
                        },
                        "padding_mobile": {
                            "unit": "px",
                            "top": "100",
                            "right": "100",
                            "bottom": "100",
                            "left": "100",
                            "isLinked": true
                        }
                    },
                    "elements": [
                        {
                            "id": "40cb3e77",
                            "settings": {
                                "title": "Services",
                                "align": "left",
                                "__globals__": {
                                    "typography_typography": "globals\/typography?id=3a29d08",
                                    "title_color": "globals\/colors?id=text"
                                },
                                "align_mobile": "center"
                            },
                            "elements": [],
                            "isInner": false,
                            "widgetType": "heading",
                            "elType": "widget"
                        }
                    ],
                    "isInner": false,
                    "elType": "column"
                }
            ],
            "isInner": false,
            "elType": "section"
        },
        {
            "id": "51543714",
            "settings": {
                "padding": {
                    "unit": "px",
                    "top": "150",
                    "right": "0",
                    "bottom": "50",
                    "left": "0",
                    "isLinked": false
                }
            },
            "elements": [
                {
                    "id": "46ed74a9",
                    "settings": {
                        "_column_size": 100,
                        "_inline_size": null
                    },
                    "elements": [
                        {
                            "id": "547091f8",
                            "settings": {
                                "gap": "no",
                                "structure": "20"
                            },
                            "elements": [
                                {
                                    "id": "16c22f0f",
                                    "settings": {
                                        "_column_size": 50,
                                        "_inline_size": 53.659,
                                        "content_position": "center"
                                    },
                                    "elements": [
                                        {
                                            "id": "35f2f630",
                                            "settings": {
                                                "title": "Help You Get Your Dream Home",
                                                "__globals__": {
                                                    "typography_typography": "globals\/typography?id=3a29d08",
                                                    "title_color": "globals\/colors?id=primary"
                                                },
                                                "align_mobile": "center"
                                            },
                                            "elements": [],
                                            "isInner": false,
                                            "widgetType": "heading",
                                            "elType": "widget"
                                        },
                                        {
                                            "id": "7f5d17ac",
                                            "settings": {
                                                "__globals__": {
                                                    "typography_typography": "globals\/typography?id=text",
                                                    "text_color": "globals\/colors?id=primary"
                                                },
                                                "editor": "<p>Download our mobile app to browse properties, schedule viewings, and get real-time updates. Available on iOS and Android.&nbsp;<\/p>",
                                                "align_mobile": "center",
                                                "_animation": "fadeInRight"
                                            },
                                            "elements": [],
                                            "isInner": false,
                                            "widgetType": "text-editor",
                                            "elType": "widget"
                                        }
                                    ],
                                    "isInner": true,
                                    "elType": "column"
                                },
                                {
                                    "id": "151a7613",
                                    "settings": {
                                        "_column_size": 50,
                                        "_inline_size": 46.298
                                    },
                                    "elements": [
                                        {
                                            "id": "69953257",
                                            "settings": {
                                                "image": {
                                                    "url": "http:\/\/kit.nirmanavisual.com\/realux\/wp-content\/uploads\/sites\/30\/2023\/08\/modern-villa-with-pool-and-deck-2022-02-02-04-48-37.jpg",
                                                    "id": 1378,
                                                    "alt": "",
                                                    "source": "library"
                                                },
                                                "width": {
                                                    "unit": "%",
                                                    "size": 72,
                                                    "sizes": []
                                                }
                                            },
                                            "elements": [],
                                            "isInner": false,
                                            "widgetType": "image",
                                            "elType": "widget"
                                        }
                                    ],
                                    "isInner": true,
                                    "elType": "column"
                                }
                            ],
                            "isInner": true,
                            "elType": "section"
                        },
                        {
                            "id": "6d0318dd",
                            "settings": {
                                "structure": "30",
                                "padding": {
                                    "unit": "px",
                                    "top": "40",
                                    "right": "0",
                                    "bottom": "0",
                                    "left": "0",
                                    "isLinked": false
                                },
                                "margin": {
                                    "unit": "px",
                                    "top": "-134",
                                    "right": 0,
                                    "bottom": "0",
                                    "left": 0,
                                    "isLinked": false
                                }
                            },
                            "elements": [
                                {
                                    "id": "345aca9c",
                                    "settings": {
                                        "_column_size": 33,
                                        "_inline_size": null,
                                        "background_background": "classic",
                                        "border_radius": {
                                            "unit": "px",
                                            "top": "24",
                                            "right": "24",
                                            "bottom": "24",
                                            "left": "24",
                                            "isLinked": true
                                        },
                                        "margin": {
                                            "unit": "px",
                                            "top": "5",
                                            "right": "20",
                                            "bottom": "05",
                                            "left": "20",
                                            "isLinked": false
                                        },
                                        "__globals__": {
                                            "background_color": "globals\/colors?id=secondary"
                                        },
                                        "animation": "slideInRight",
                                        "animation_duration": "fast",
                                        "animation_delay": 1000,
                                        "box_shadow_box_shadow_type": "yes",
                                        "box_shadow_box_shadow": {
                                            "horizontal": -22,
                                            "vertical": 22,
                                            "blur": 100,
                                            "spread": -33,
                                            "color": "rgba(0,0,0,0.5)"
                                        },
                                        "margin_mobile": {
                                            "unit": "px",
                                            "top": "30",
                                            "right": "30",
                                            "bottom": "30",
                                            "left": "30",
                                            "isLinked": true
                                        }
                                    },
                                    "elements": [
                                        {
                                            "id": "4055358e",
                                            "settings": {
                                                "selected_icon": {
                                                    "value": "fas fa-home",
                                                    "library": "fa-solid"
                                                },
                                                "size": {
                                                    "unit": "px",
                                                    "size": 33,
                                                    "sizes": []
                                                },
                                                "_margin": {
                                                    "unit": "px",
                                                    "top": "-46",
                                                    "right": "0",
                                                    "bottom": "0",
                                                    "left": "20",
                                                    "isLinked": false
                                                },
                                                "_padding": {
                                                    "unit": "px",
                                                    "top": "15",
                                                    "right": "15",
                                                    "bottom": "15",
                                                    "left": "15",
                                                    "isLinked": true
                                                },
                                                "_element_width": "auto",
                                                "_background_background": "classic",
                                                "_border_radius": {
                                                    "unit": "px",
                                                    "top": "05",
                                                    "right": "05",
                                                    "bottom": "25",
                                                    "left": "05",
                                                    "isLinked": false
                                                },
                                                "__globals__": {
                                                    "_background_color": "globals\/colors?id=accent",
                                                    "primary_color": "globals\/colors?id=primary"
                                                }
                                            },
                                            "elements": [],
                                            "isInner": false,
                                            "widgetType": "icon",
                                            "elType": "widget"
                                        },
                                        {
                                            "id": "5e29655a",
                                            "settings": {
                                                "view": "stacked",
                                                "title_text": "Buy Properties",
                                                "description_text": "Lorem ipsum dolor sit amet, consectetur adipiscing elit. Ut elit tellus, luctus nec ullamcorper .",
                                                "icon_space": {
                                                    "unit": "px",
                                                    "size": 0,
                                                    "sizes": []
                                                },
                                                "icon_size": {
                                                    "unit": "px",
                                                    "size": 18,
                                                    "sizes": []
                                                },
                                                "text_align": "left",
                                                "title_bottom_space": {
                                                    "unit": "px",
                                                    "size": 7,
                                                    "sizes": []
                                                },
                                                "description_typography_typography": "custom",
                                                "description_typography_font_family": "Inter",
                                                "description_typography_font_size": {
                                                    "unit": "px",
                                                    "size": 16,
                                                    "sizes": []
                                                },
                                                "description_typography_font_weight": "400",
                                                "description_typography_line_height": {
                                                    "unit": "px",
                                                    "size": 24,
                                                    "sizes": []
                                                },
                                                "_padding": {
                                                    "unit": "px",
                                                    "top": "20",
                                                    "right": "020",
                                                    "bottom": "20",
                                                    "left": "20",
                                                    "isLinked": false
                                                },
                                                "__globals__": {
                                                    "title_typography_typography": "globals\/typography?id=92d098c",
                                                    "description_typography_typography": "globals\/typography?id=text",
                                                    "title_color": "globals\/colors?id=text",
                                                    "description_color": "globals\/colors?id=text",
                                                    "primary_color": "globals\/colors?id=secondary",
                                                    "secondary_color": "globals\/colors?id=text"
                                                },
                                                "selected_icon": {
                                                    "value": "",
                                                    "library": ""
                                                }
                                            },
                                            "elements": [],
                                            "isInner": false,
                                            "widgetType": "icon-box",
                                            "elType": "widget"
                                        }
                                    ],
                                    "isInner": true,
                                    "elType": "column"
                                },
                                {
                                    "id": "3e267902",
                                    "settings": {
                                        "_column_size": 33,
                                        "_inline_size": null,
                                        "background_background": "classic",
                                        "border_radius": {
                                            "unit": "px",
                                            "top": "24",
                                            "right": "24",
                                            "bottom": "24",
                                            "left": "24",
                                            "isLinked": true
                                        },
                                        "margin": {
                                            "unit": "px",
                                            "top": "5",
                                            "right": "20",
                                            "bottom": "05",
                                            "left": "20",
                                            "isLinked": false
                                        },
                                        "__globals__": {
                                            "background_color": "globals\/colors?id=text",
                                            "border_color": "globals\/colors?id=secondary",
                                            "background_hover_color": ""
                                        },
                                        "background_hover_background": "classic",
                                        "border_width": {
                                            "unit": "px",
                                            "top": "1",
                                            "right": "1",
                                            "bottom": "1",
                                            "left": "1",
                                            "isLinked": false
                                        },
                                        "animation": "fadeInDown",
                                        "box_shadow_box_shadow_type": "yes",
                                        "box_shadow_box_shadow": {
                                            "horizontal": -22,
                                            "vertical": 22,
                                            "blur": 100,
                                            "spread": -33,
                                            "color": "rgba(0,0,0,0.5)"
                                        },
                                        "margin_mobile": {
                                            "unit": "px",
                                            "top": "30",
                                            "right": "30",
                                            "bottom": "30",
                                            "left": "30",
                                            "isLinked": true
                                        }
                                    },
                                    "elements": [
                                        {
                                            "id": "3c4be010",
                                            "settings": {
                                                "selected_icon": {
                                                    "value": "fas fa-building",
                                                    "library": "fa-solid"
                                                },
                                                "primary_color": "#45EDFA",
                                                "size": {
                                                    "unit": "px",
                                                    "size": 33,
                                                    "sizes": []
                                                },
                                                "_margin": {
                                                    "unit": "px",
                                                    "top": "-46",
                                                    "right": "0",
                                                    "bottom": "0",
                                                    "left": "20",
                                                    "isLinked": false
                                                },
                                                "_padding": {
                                                    "unit": "px",
                                                    "top": "15",
                                                    "right": "15",
                                                    "bottom": "15",
                                                    "left": "15",
                                                    "isLinked": true
                                                },
                                                "_element_width": "auto",
                                                "_background_background": "classic",
                                                "_background_color": "#45EDFA",
                                                "_border_radius": {
                                                    "unit": "px",
                                                    "top": "05",
                                                    "right": "05",
                                                    "bottom": "25",
                                                    "left": "05",
                                                    "isLinked": false
                                                },
                                                "__globals__": {
                                                    "_background_color": "globals\/colors?id=secondary",
                                                    "primary_color": "globals\/colors?id=text",
                                                    "hover_primary_color": ""
                                                }
                                            },
                                            "elements": [],
                                            "isInner": false,
                                            "widgetType": "icon",
                                            "elType": "widget"
                                        },
                                        {
                                            "id": "298f9c8d",
                                            "settings": {
                                                "view": "stacked",
                                                "title_text": "Sell Properties",
                                                "description_text": "Lorem ipsum dolor sit amet, consectetur adipiscing elit. Ut elit tellus, luctus nec ullamcorper .",
                                                "icon_space": {
                                                    "unit": "px",
                                                    "size": 0,
                                                    "sizes": []
                                                },
                                                "icon_size": {
                                                    "unit": "px",
                                                    "size": 18,
                                                    "sizes": []
                                                },
                                                "text_align": "left",
                                                "title_bottom_space": {
                                                    "unit": "px",
                                                    "size": 7,
                                                    "sizes": []
                                                },
                                                "_padding": {
                                                    "unit": "px",
                                                    "top": "20",
                                                    "right": "020",
                                                    "bottom": "20",
                                                    "left": "20",
                                                    "isLinked": false
                                                },
                                                "__globals__": {
                                                    "title_typography_typography": "globals\/typography?id=92d098c",
                                                    "description_typography_typography": "globals\/typography?id=text",
                                                    "title_color": "globals\/colors?id=primary",
                                                    "description_color": "globals\/colors?id=2c40178",
                                                    "primary_color": "globals\/colors?id=secondary",
                                                    "secondary_color": "globals\/colors?id=text"
                                                },
                                                "selected_icon": {
                                                    "value": "",
                                                    "library": ""
                                                }
                                            },
                                            "elements": [],
                                            "isInner": false,
                                            "widgetType": "icon-box",
                                            "elType": "widget"
                                        }
                                    ],
                                    "isInner": true,
                                    "elType": "column"
                                },
                                {
                                    "id": "4627ff9e",
                                    "settings": {
                                        "_column_size": 33,
                                        "_inline_size": null,
                                        "background_background": "classic",
                                        "border_radius": {
                                            "unit": "px",
                                            "top": "24",
                                            "right": "24",
                                            "bottom": "24",
                                            "left": "24",
                                            "isLinked": true
                                        },
                                        "margin": {
                                            "unit": "px",
                                            "top": "5",
                                            "right": "20",
                                            "bottom": "05",
                                            "left": "20",
                                            "isLinked": false
                                        },
                                        "__globals__": {
                                            "background_color": "globals\/colors?id=text",
                                            "border_color": "globals\/colors?id=secondary"
                                        },
                                        "border_width": {
                                            "unit": "px",
                                            "top": "1",
                                            "right": "1",
                                            "bottom": "1",
                                            "left": "1",
                                            "isLinked": true
                                        },
                                        "animation": "slideInLeft",
                                        "animation_duration": "fast",
                                        "animation_delay": 1000,
                                        "box_shadow_box_shadow_type": "yes",
                                        "box_shadow_box_shadow": {
                                            "horizontal": -22,
                                            "vertical": 22,
                                            "blur": 100,
                                            "spread": -33,
                                            "color": "rgba(0,0,0,0.5)"
                                        },
                                        "margin_mobile": {
                                            "unit": "px",
                                            "top": "30",
                                            "right": "30",
                                            "bottom": "30",
                                            "left": "30",
                                            "isLinked": true
                                        }
                                    },
                                    "elements": [
                                        {
                                            "id": "16824145",
                                            "settings": {
                                                "selected_icon": {
                                                    "value": "fas fa-comments-dollar",
                                                    "library": "fa-solid"
                                                },
                                                "primary_color": "#45EDFA",
                                                "size": {
                                                    "unit": "px",
                                                    "size": 33,
                                                    "sizes": []
                                                },
                                                "_margin": {
                                                    "unit": "px",
                                                    "top": "-46",
                                                    "right": "0",
                                                    "bottom": "0",
                                                    "left": "20",
                                                    "isLinked": false
                                                },
                                                "_padding": {
                                                    "unit": "px",
                                                    "top": "15",
                                                    "right": "15",
                                                    "bottom": "15",
                                                    "left": "15",
                                                    "isLinked": true
                                                },
                                                "_element_width": "auto",
                                                "_background_background": "classic",
                                                "_background_color": "#45EDFA",
                                                "_border_radius": {
                                                    "unit": "px",
                                                    "top": "05",
                                                    "right": "05",
                                                    "bottom": "25",
                                                    "left": "05",
                                                    "isLinked": false
                                                },
                                                "__globals__": {
                                                    "_background_color": "globals\/colors?id=secondary",
                                                    "primary_color": "globals\/colors?id=text",
                                                    "hover_primary_color": ""
                                                }
                                            },
                                            "elements": [],
                                            "isInner": false,
                                            "widgetType": "icon",
                                            "elType": "widget"
                                        },
                                        {
                                            "id": "75bd4c19",
                                            "settings": {
                                                "view": "stacked",
                                                "title_text": "Rent Properties",
                                                "description_text": "Lorem ipsum dolor sit amet, consectetur adipiscing elit. Ut elit tellus, luctus nec ullamcorper .",
                                                "icon_space": {
                                                    "unit": "px",
                                                    "size": 0,
                                                    "sizes": []
                                                },
                                                "icon_size": {
                                                    "unit": "px",
                                                    "size": 18,
                                                    "sizes": []
                                                },
                                                "text_align": "left",
                                                "title_bottom_space": {
                                                    "unit": "px",
                                                    "size": 7,
                                                    "sizes": []
                                                },
                                                "_padding": {
                                                    "unit": "px",
                                                    "top": "20",
                                                    "right": "020",
                                                    "bottom": "20",
                                                    "left": "20",
                                                    "isLinked": false
                                                },
                                                "__globals__": {
                                                    "title_typography_typography": "globals\/typography?id=92d098c",
                                                    "description_typography_typography": "globals\/typography?id=text",
                                                    "title_color": "globals\/colors?id=primary",
                                                    "description_color": "globals\/colors?id=2c40178",
                                                    "primary_color": "globals\/colors?id=secondary",
                                                    "secondary_color": "globals\/colors?id=text"
                                                },
                                                "selected_icon": {
                                                    "value": "",
                                                    "library": ""
                                                }
                                            },
                                            "elements": [],
                                            "isInner": false,
                                            "widgetType": "icon-box",
                                            "elType": "widget"
                                        }
                                    ],
                                    "isInner": true,
                                    "elType": "column"
                                }
                            ],
                            "isInner": true,
                            "elType": "section"
                        }
                    ],
                    "isInner": false,
                    "elType": "column"
                }
            ],
            "isInner": false,
            "elType": "section"
        },
        {
            "id": "416e800e",
            "settings": {
                "padding": {
                    "unit": "px",
                    "top": "0",
                    "right": "0",
                    "bottom": "90",
                    "left": "0",
                    "isLinked": false
                }
            },
            "elements": [
                {
                    "id": "23e6a2e5",
                    "settings": {
                        "_column_size": 100,
                        "_inline_size": null
                    },
                    "elements": [
                        {
                            "id": "f879b56",
                            "settings": {
                                "structure": "20"
                            },
                            "elements": [
                                {
                                    "id": "5ae2fca5",
                                    "settings": {
                                        "_column_size": 50,
                                        "_inline_size": 43.032,
                                        "content_position": "center"
                                    },
                                    "elements": [
                                        {
                                            "id": "1a55d2a2",
                                            "settings": {
                                                "image": {
                                                    "url": "http:\/\/kit.nirmanavisual.com\/realestate\/wp-content\/uploads\/sites\/30\/2023\/08\/Icon-3D-5.png",
                                                    "id": 85,
                                                    "alt": "",
                                                    "source": "library"
                                                },
                                                "width": {
                                                    "unit": "%",
                                                    "size": 85,
                                                    "sizes": []
                                                },
                                                "align": "left",
                                                "_box_shadow_box_shadow": {
                                                    "horizontal": 0,
                                                    "vertical": 15,
                                                    "blur": 10,
                                                    "spread": 0,
                                                    "color": "rgba(0, 151.47554347826087, 255, 0.5)"
                                                },
                                                "_animation": "fadeInLeft"
                                            },
                                            "elements": [],
                                            "isInner": false,
                                            "widgetType": "image",
                                            "elType": "widget"
                                        }
                                    ],
                                    "isInner": true,
                                    "elType": "column"
                                },
                                {
                                    "id": "7d64957",
                                    "settings": {
                                        "_column_size": 50,
                                        "_inline_size": 56.968,
                                        "content_position": "center"
                                    },
                                    "elements": [
                                        {
                                            "id": "25ee6c5a",
                                            "settings": {
                                                "title": "why choose us",
                                                "__globals__": {
                                                    "typography_typography": "globals\/typography?id=9493bb5"
                                                },
                                                "align_mobile": "center",
                                                "_animation": "fadeInDown"
                                            },
                                            "elements": [],
                                            "isInner": false,
                                            "widgetType": "heading",
                                            "elType": "widget"
                                        },
                                        {
                                            "id": "429061d4",
                                            "settings": {
                                                "title": "You will get best your Dream home",
                                                "__globals__": {
                                                    "typography_typography": "globals\/typography?id=3a29d08"
                                                },
                                                "align_mobile": "center",
                                                "_animation": "fadeInRight"
                                            },
                                            "elements": [],
                                            "isInner": false,
                                            "widgetType": "heading",
                                            "elType": "widget"
                                        },
                                        {
                                            "id": "77208b8f",
                                            "settings": {
                                                "__globals__": {
                                                    "typography_typography": "globals\/typography?id=text",
                                                    "text_color": "globals\/colors?id=primary"
                                                },
                                                "editor": "With over two decades of experience in the real estate market, we understand the ins and outs of property transactions like no other. ",
                                                "align_mobile": "center",
                                                "_animation": "fadeInUp"
                                            },
                                            "elements": [],
                                            "isInner": false,
                                            "widgetType": "text-editor",
                                            "elType": "widget"
                                        }
                                    ],
                                    "isInner": true,
                                    "elType": "column"
                                }
                            ],
                            "isInner": true,
                            "elType": "section"
                        },
                        {
                            "id": "22136953",
                            "settings": {
                                "structure": "40"
                            },
                            "elements": [
                                {
                                    "id": "64fcb51a",
                                    "settings": {
                                        "_column_size": 25,
                                        "_inline_size": null,
                                        "margin": {
                                            "unit": "px",
                                            "top": "16",
                                            "right": "16",
                                            "bottom": "16",
                                            "left": "16",
                                            "isLinked": true
                                        },
                                        "padding": {
                                            "unit": "px",
                                            "top": "0",
                                            "right": "0",
                                            "bottom": "0",
                                            "left": "0",
                                            "isLinked": true
                                        },
                                        "animation": "fadeInLeft"
                                    },
                                    "elements": [
                                        {
                                            "id": "7c563011",
                                            "settings": {
                                                "image": {
                                                    "url": "http:\/\/kit.nirmanavisual.com\/realestate\/wp-content\/uploads\/sites\/30\/2023\/08\/3D-Icon-3.png",
                                                    "id": 81,
                                                    "alt": "",
                                                    "source": "library"
                                                },
                                                "title_text": "Experienced <br>Team",
                                                "description_text": "",
                                                "_background_background": "classic",
                                                "_border_radius": {
                                                    "unit": "px",
                                                    "top": "24",
                                                    "right": "24",
                                                    "bottom": "24",
                                                    "left": "24",
                                                    "isLinked": true
                                                },
                                                "__globals__": {
                                                    "_background_color": "globals\/colors?id=text",
                                                    "title_typography_typography": "globals\/typography?id=9d2bb11"
                                                },
                                                "_padding": {
                                                    "unit": "px",
                                                    "top": "024",
                                                    "right": "0",
                                                    "bottom": "024",
                                                    "left": "0",
                                                    "isLinked": false
                                                },
                                                "_box_shadow_box_shadow_type": "yes",
                                                "_box_shadow_box_shadow": {
                                                    "horizontal": 4,
                                                    "vertical": 10,
                                                    "blur": 56,
                                                    "spread": -40,
                                                    "color": "#000000"
                                                },
                                                "hover_animation": "float"
                                            },
                                            "elements": [],
                                            "isInner": false,
                                            "widgetType": "image-box",
                                            "elType": "widget"
                                        }
                                    ],
                                    "isInner": true,
                                    "elType": "column"
                                },
                                {
                                    "id": "40e3bb0c",
                                    "settings": {
                                        "_column_size": 25,
                                        "_inline_size": null,
                                        "margin": {
                                            "unit": "px",
                                            "top": "16",
                                            "right": "16",
                                            "bottom": "16",
                                            "left": "16",
                                            "isLinked": true
                                        },
                                        "padding": {
                                            "unit": "px",
                                            "top": "0",
                                            "right": "0",
                                            "bottom": "0",
                                            "left": "0",
                                            "isLinked": true
                                        },
                                        "animation": "fadeInUp"
                                    },
                                    "elements": [
                                        {
                                            "id": "a415015",
                                            "settings": {
                                                "image": {
                                                    "url": "http:\/\/kit.nirmanavisual.com\/realestate\/wp-content\/uploads\/sites\/30\/2023\/08\/3D-Icon-2.png",
                                                    "id": 80,
                                                    "alt": "",
                                                    "source": "library"
                                                },
                                                "title_text": "Certified<br>Properties",
                                                "description_text": "",
                                                "_background_background": "classic",
                                                "_border_radius": {
                                                    "unit": "px",
                                                    "top": "24",
                                                    "right": "24",
                                                    "bottom": "24",
                                                    "left": "24",
                                                    "isLinked": true
                                                },
                                                "__globals__": {
                                                    "_background_color": "globals\/colors?id=text",
                                                    "title_typography_typography": "globals\/typography?id=9d2bb11"
                                                },
                                                "_padding": {
                                                    "unit": "px",
                                                    "top": "024",
                                                    "right": "0",
                                                    "bottom": "024",
                                                    "left": "0",
                                                    "isLinked": false
                                                },
                                                "_box_shadow_box_shadow_type": "yes",
                                                "_box_shadow_box_shadow": {
                                                    "horizontal": 4,
                                                    "vertical": 10,
                                                    "blur": 56,
                                                    "spread": -40,
                                                    "color": "#000000"
                                                },
                                                "hover_animation": "float"
                                            },
                                            "elements": [],
                                            "isInner": false,
                                            "widgetType": "image-box",
                                            "elType": "widget"
                                        }
                                    ],
                                    "isInner": true,
                                    "elType": "column"
                                },
                                {
                                    "id": "40aff325",
                                    "settings": {
                                        "_column_size": 25,
                                        "_inline_size": null,
                                        "margin": {
                                            "unit": "px",
                                            "top": "16",
                                            "right": "16",
                                            "bottom": "16",
                                            "left": "16",
                                            "isLinked": true
                                        },
                                        "padding": {
                                            "unit": "px",
                                            "top": "0",
                                            "right": "0",
                                            "bottom": "0",
                                            "left": "0",
                                            "isLinked": true
                                        },
                                        "animation": "fadeInUp"
                                    },
                                    "elements": [
                                        {
                                            "id": "55e4b1da",
                                            "settings": {
                                                "image": {
                                                    "url": "http:\/\/kit.nirmanavisual.com\/realestate\/wp-content\/uploads\/sites\/30\/2023\/08\/3D-Icon-1.png",
                                                    "id": 79,
                                                    "alt": "",
                                                    "source": "library"
                                                },
                                                "title_text": "Fast Buy and<br>Fast Process",
                                                "description_text": "",
                                                "_background_background": "classic",
                                                "_border_radius": {
                                                    "unit": "px",
                                                    "top": "24",
                                                    "right": "24",
                                                    "bottom": "24",
                                                    "left": "24",
                                                    "isLinked": true
                                                },
                                                "__globals__": {
                                                    "_background_color": "globals\/colors?id=text",
                                                    "title_typography_typography": "globals\/typography?id=9d2bb11"
                                                },
                                                "_padding": {
                                                    "unit": "px",
                                                    "top": "024",
                                                    "right": "0",
                                                    "bottom": "024",
                                                    "left": "0",
                                                    "isLinked": false
                                                },
                                                "_box_shadow_box_shadow_type": "yes",
                                                "_box_shadow_box_shadow": {
                                                    "horizontal": 4,
                                                    "vertical": 10,
                                                    "blur": 56,
                                                    "spread": -40,
                                                    "color": "#000000"
                                                },
                                                "hover_animation": "float"
                                            },
                                            "elements": [],
                                            "isInner": false,
                                            "widgetType": "image-box",
                                            "elType": "widget"
                                        }
                                    ],
                                    "isInner": true,
                                    "elType": "column"
                                },
                                {
                                    "id": "75122217",
                                    "settings": {
                                        "_column_size": 25,
                                        "_inline_size": null,
                                        "margin": {
                                            "unit": "px",
                                            "top": "16",
                                            "right": "16",
                                            "bottom": "16",
                                            "left": "16",
                                            "isLinked": true
                                        },
                                        "padding": {
                                            "unit": "px",
                                            "top": "0",
                                            "right": "0",
                                            "bottom": "0",
                                            "left": "0",
                                            "isLinked": true
                                        },
                                        "animation": "fadeInRight"
                                    },
                                    "elements": [
                                        {
                                            "id": "2065d93d",
                                            "settings": {
                                                "image": {
                                                    "url": "http:\/\/kit.nirmanavisual.com\/realestate\/wp-content\/uploads\/sites\/30\/2023\/08\/3D-Icon-5.png",
                                                    "id": 83,
                                                    "alt": "",
                                                    "source": "library"
                                                },
                                                "title_text": "Discount<br>Properties",
                                                "description_text": "",
                                                "_background_background": "classic",
                                                "_border_radius": {
                                                    "unit": "px",
                                                    "top": "24",
                                                    "right": "24",
                                                    "bottom": "24",
                                                    "left": "24",
                                                    "isLinked": true
                                                },
                                                "__globals__": {
                                                    "_background_color": "globals\/colors?id=text",
                                                    "title_typography_typography": "globals\/typography?id=9d2bb11"
                                                },
                                                "_padding": {
                                                    "unit": "px",
                                                    "top": "024",
                                                    "right": "0",
                                                    "bottom": "024",
                                                    "left": "0",
                                                    "isLinked": false
                                                },
                                                "_box_shadow_box_shadow_type": "yes",
                                                "_box_shadow_box_shadow": {
                                                    "horizontal": 4,
                                                    "vertical": 10,
                                                    "blur": 56,
                                                    "spread": -40,
                                                    "color": "#000000"
                                                },
                                                "hover_animation": "float"
                                            },
                                            "elements": [],
                                            "isInner": false,
                                            "widgetType": "image-box",
                                            "elType": "widget"
                                        }
                                    ],
                                    "isInner": true,
                                    "elType": "column"
                                }
                            ],
                            "isInner": true,
                            "elType": "section"
                        }
                    ],
                    "isInner": false,
                    "elType": "column"
                }
            ],
            "isInner": false,
            "elType": "section"
        },
        {
            "id": "9ef3a9",
            "settings": {
                "padding": {
                    "unit": "px",
                    "top": "0",
                    "right": "0",
                    "bottom": "150",
                    "left": "0",
                    "isLinked": false
                }
            },
            "elements": [
                {
                    "id": "288e3b0c",
                    "settings": {
                        "_column_size": 100,
                        "_inline_size": null,
                        "background_background": "classic",
                        "border_radius": {
                            "unit": "px",
                            "top": "24",
                            "right": "24",
                            "bottom": "24",
                            "left": "24",
                            "isLinked": true
                        },
                        "__globals__": {
                            "background_color": "globals\/colors?id=f5f37a2"
                        }
                    },
                    "elements": [
                        {
                            "id": "8f494a0",
                            "settings": {
                                "structure": "20"
                            },
                            "elements": [
                                {
                                    "id": "66ba8fb6",
                                    "settings": {
                                        "_column_size": 100,
                                        "_inline_size": 68.458,
                                        "content_position": "center",
                                        "margin_mobile": {
                                            "unit": "px",
                                            "top": "10",
                                            "right": "10",
                                            "bottom": "10",
                                            "left": "10",
                                            "isLinked": true
                                        },
                                        "padding": {
                                            "unit": "px",
                                            "top": "20",
                                            "right": "20",
                                            "bottom": "20",
                                            "left": "20",
                                            "isLinked": true
                                        },
                                        "animation": "fadeInLeft"
                                    },
                                    "elements": [
                                        {
                                            "id": "64923b33",
                                            "settings": {
                                                "title": "Get the\nlast updated",
                                                "__globals__": {
                                                    "typography_typography": "globals\/typography?id=3a29d08",
                                                    "title_color": "globals\/colors?id=text"
                                                },
                                                "align_mobile": "center"
                                            },
                                            "elements": [],
                                            "isInner": false,
                                            "widgetType": "heading",
                                            "elType": "widget"
                                        },
                                        {
                                            "id": "8074fc7",
                                            "settings": {
                                                "editor": "<p>Lorem ipsum dolor sit amet, consectetur adipiscing elit. Phasellus malesuada neque sed pellentesque ullamcorper.<\/p>",
                                                "__globals__": {
                                                    "text_color": "globals\/colors?id=text",
                                                    "typography_typography": "globals\/typography?id=text"
                                                },
                                                "align_mobile": "center"
                                            },
                                            "elements": [],
                                            "isInner": false,
                                            "widgetType": "text-editor",
                                            "elType": "widget"
                                        },
                                        {
                                            "id": "64f28297",
                                            "settings": {
                                                "mf_form_id": "739***1693807879305"
                                            },
                                            "elements": [],
                                            "isInner": false,
                                            "widgetType": "metform",
                                            "elType": "widget"
                                        }
                                    ],
                                    "isInner": true,
                                    "elType": "column"
                                },
                                {
                                    "id": "187cb008",
                                    "settings": {
                                        "_column_size": 50,
                                        "_inline_size": 75,
                                        "background_background": "classic",
                                        "background_image": {
                                            "url": "",
                                            "id": "",
                                            "alt": "",
                                            "source": "library"
                                        },
                                        "background_position": "initial",
                                        "background_xpos": {
                                            "unit": "px",
                                            "size": 98,
                                            "sizes": []
                                        },
                                        "background_ypos": {
                                            "unit": "px",
                                            "size": 443,
                                            "sizes": []
                                        },
                                        "background_repeat": "no-repeat",
                                        "padding": {
                                            "unit": "px",
                                            "top": "20",
                                            "right": "20",
                                            "bottom": "20",
                                            "left": "20",
                                            "isLinked": true
                                        },
                                        "animation": "fadeInUp"
                                    },
                                    "elements": [
                                        {
                                            "id": "1d4a4814",
                                            "settings": {
                                                "image": {
                                                    "url": "http:\/\/kit.nirmanavisual.com\/realux\/wp-content\/uploads\/sites\/30\/2023\/08\/6-Home-Inspection-1.png",
                                                    "id": 758,
                                                    "alt": "",
                                                    "source": "library"
                                                },
                                                "width": {
                                                    "unit": "%",
                                                    "size": 75,
                                                    "sizes": []
                                                },
                                                "space": {
                                                    "unit": "%",
                                                    "size": 88,
                                                    "sizes": []
                                                },
                                                "_padding": {
                                                    "unit": "px",
                                                    "top": "0",
                                                    "right": "0",
                                                    "bottom": "0",
                                                    "left": "0",
                                                    "isLinked": false
                                                }
                                            },
                                            "elements": [],
                                            "isInner": false,
                                            "widgetType": "image",
                                            "elType": "widget"
                                        }
                                    ],
                                    "isInner": true,
                                    "elType": "column"
                                }
                            ],
                            "isInner": true,
                            "elType": "section"
                        }
                    ],
                    "isInner": false,
                    "elType": "column"
                }
            ],
            "isInner": false,
            "elType": "section"
        }
    ]
}