{
    "version": "0.4",
    "title": "404 Page",
    "type": "page",
    "metadata": {
        "template_type": "single-page",
        "include_in_zip": "1",
        "elementor_pro_required": null,
        "wp_page_template": "elementor_canvas"
    },
    "content": [
        {
            "id": "24d17a47",
            "settings": {
                "gap": "no",
                "custom_height": {
                    "unit": "px",
                    "size": 490,
                    "sizes": []
                },
                "background_background": "classic",
                "background_position": "center center",
                "background_repeat": "no-repeat",
                "background_size": "cover",
                "margin": {
                    "unit": "px",
                    "top": "-148",
                    "right": 0,
                    "bottom": "0",
                    "left": 0,
                    "isLinked": false
                },
                "padding": {
                    "unit": "px",
                    "top": "230",
                    "right": "0",
                    "bottom": "120",
                    "left": "0",
                    "isLinked": false
                },
                "__globals__": {
                    "background_color": "globals\/colors?id=bc58842",
                    "background_overlay_color_b": "globals\/colors?id=e990a77"
                },
                "background_image": {
                    "url": "https:\/\/templatekit.jegtheme.com\/hestate\/wp-content\/uploads\/sites\/40\/2021\/02\/illuminated-house-at-night.jpg",
                    "id": 1576
                },
                "background_overlay_background": "classic",
                "background_overlay_color": "#00000080",
                "background_overlay_opacity": {
                    "unit": "px",
                    "size": 1,
                    "sizes": []
                },
                "background_overlay_color_stop": {
                    "unit": "%",
                    "size": 50,
                    "sizes": []
                },
                "background_overlay_color_b_stop": {
                    "unit": "%",
                    "size": 0,
                    "sizes": []
                },
                "background_overlay_gradient_angle": {
                    "unit": "deg",
                    "size": 270,
                    "sizes": []
                }
            },
            "elements": [
                {
                    "id": "56fcce8c",
                    "settings": {
                        "_column_size": 100,
                        "_inline_size": null,
                        "align": "center"
                    },
                    "elements": [
                        {
                            "id": "41af8843",
                            "settings": {
                                "title": "Error Page",
                                "align": "center",
                                "__globals__": {
                                    "title_color": "globals\/colors?id=e990a77",
                                    "typography_typography": "globals\/typography?id=fa93100"
                                }
                            },
                            "elements": [],
                            "isInner": false,
                            "widgetType": "heading",
                            "elType": "widget"
                        }
                    ],
                    "isInner": false,
                    "elType": "column"
                }
            ],
            "isInner": false,
            "elType": "section"
        },
        {
            "id": "239aec18",
            "settings": {
                "gap": "no",
                "padding": {
                    "unit": "px",
                    "top": "120",
                    "right": "0",
                    "bottom": "120",
                    "left": "0",
                    "isLinked": false
                }
            },
            "elements": [
                {
                    "id": "f1eeced",
                    "settings": {
                        "_column_size": 100,
                        "_inline_size": null,
                        "content_position": "center",
                        "align": "center",
                        "padding_mobile": {
                            "unit": "px",
                            "top": "0",
                            "right": "10",
                            "bottom": "0",
                            "left": "10",
                            "isLinked": false
                        }
                    },
                    "elements": [
                        {
                            "id": "4d8c3661",
                            "settings": {
                                "title": "404",
                                "__globals__": {
                                    "title_color": "globals\/colors?id=cbc7fa9",
                                    "typography_typography": "globals\/typography?id=455781c"
                                },
                                "title_color": "#FFFFFF",
                                "header_size": "h3",
                                "align": "center"
                            },
                            "elements": [],
                            "isInner": false,
                            "widgetType": "heading",
                            "elType": "widget"
                        },
                        {
                            "id": "2a9d5c7c",
                            "settings": {
                                "title": "Page Not Found",
                                "align": "center",
                                "__globals__": {
                                    "typography_typography": "globals\/typography?id=fa93100",
                                    "title_color": "globals\/colors?id=cbc7fa9"
                                }
                            },
                            "elements": [],
                            "isInner": false,
                            "widgetType": "heading",
                            "elType": "widget"
                        },
                        {
                            "id": "1f2c8338",
                            "settings": {
                                "align": "center",
                                "_margin": {
                                    "unit": "px",
                                    "top": "0",
                                    "right": "0",
                                    "bottom": "20",
                                    "left": "0",
                                    "isLinked": false
                                },
                                "_element_width": "initial",
                                "_element_custom_width": {
                                    "unit": "px",
                                    "size": 520,
                                    "sizes": []
                                },
                                "__globals__": {
                                    "typography_typography": "globals\/typography?id=4636050",
                                    "text_color": "globals\/colors?id=8bc0ed0"
                                }
                            },
                            "elements": [],
                            "isInner": false,
                            "widgetType": "text-editor",
                            "elType": "widget"
                        },
                        {
                            "id": "4f5af141",
                            "settings": {
                                "text": "Back to Home",
                                "typography_typography": "custom",
                                "typography_font_family": "Lato",
                                "typography_font_size": {
                                    "unit": "px",
                                    "size": 14,
                                    "sizes": []
                                },
                                "typography_font_weight": "400",
                                "typography_text_transform": "uppercase",
                                "typography_letter_spacing": {
                                    "unit": "px",
                                    "size": 2,
                                    "sizes": []
                                },
                                "button_text_color": "#FFFFFF",
                                "border_width": {
                                    "unit": "px",
                                    "top": "2",
                                    "right": "2",
                                    "bottom": "2",
                                    "left": "2",
                                    "isLinked": true
                                },
                                "border_radius": {
                                    "unit": "px",
                                    "top": "0",
                                    "right": "0",
                                    "bottom": "0",
                                    "left": "0",
                                    "isLinked": true
                                },
                                "text_padding": {
                                    "unit": "px",
                                    "top": "18",
                                    "right": "24",
                                    "bottom": "18",
                                    "left": "24",
                                    "isLinked": false
                                },
                                "align": "center",
                                "__globals__": {
                                    "background_color": "globals\/colors?id=b8d5379"
                                }
                            },
                            "elements": [],
                            "isInner": false,
                            "widgetType": "button",
                            "elType": "widget"
                        }
                    ],
                    "isInner": false,
                    "elType": "column"
                }
            ],
            "isInner": false,
            "elType": "section"
        }
    ],
    "page_settings": {
        "eael_ext_toc_title": "Table of Contents",
        "template": "elementor_canvas"
    }
}