{
    "version": "0.4",
    "title": "Contact Us",
    "type": "page",
    "metadata": {
        "template_type": "single-page",
        "include_in_zip": "1",
        "elementor_pro_required": null,
        "wp_page_template": "elementor_canvas"
    },
    "content": [
        {
            "id": "7b0fb2ff",
            "settings": {
                "gap": "no",
                "custom_height": {
                    "unit": "px",
                    "size": 448,
                    "sizes": []
                },
                "background_background": "classic",
                "background_position": "center center",
                "background_repeat": "no-repeat",
                "background_size": "cover",
                "margin": {
                    "unit": "px",
                    "top": "-148",
                    "right": 0,
                    "bottom": "0",
                    "left": 0,
                    "isLinked": false
                },
                "padding": {
                    "unit": "px",
                    "top": "230",
                    "right": "0",
                    "bottom": "120",
                    "left": "0",
                    "isLinked": false
                },
                "__globals__": {
                    "background_color": ""
                },
                "background_image": {
                    "url": "https:\/\/templatekit.jegtheme.com\/hestate\/wp-content\/uploads\/sites\/40\/2021\/02\/contemporary-design-living-houses-modern-luxury-apartments-buildings-.jpg",
                    "id": 962
                },
                "background_overlay_background": "classic",
                "background_overlay_color": "#000000",
                "background_overlay_opacity": {
                    "unit": "px",
                    "size": 0.72,
                    "sizes": []
                }
            },
            "elements": [
                {
                    "id": "2e9eff43",
                    "settings": {
                        "_column_size": 100,
                        "_inline_size": null,
                        "align": "center"
                    },
                    "elements": [
                        {
                            "id": "341d890b",
                            "settings": {
                                "title": "Contact Us",
                                "align": "center",
                                "title_color": "#FFFFFF",
                                "__globals__": {
                                    "typography_typography": "globals\/typography?id=fa93100"
                                }
                            },
                            "elements": [],
                            "isInner": false,
                            "widgetType": "heading",
                            "elType": "widget"
                        }
                    ],
                    "isInner": false,
                    "elType": "column"
                }
            ],
            "isInner": false,
            "elType": "section"
        },
        {
            "id": "18dcbbe6",
            "settings": {
                "background_background": "classic",
                "background_position": "bottom center",
                "background_repeat": "no-repeat",
                "background_size": "cover",
                "background_overlay_background": "classic",
                "background_overlay_color": "#FFFFFF",
                "background_overlay_opacity": {
                    "unit": "px",
                    "size": 0.95,
                    "sizes": []
                },
                "padding": {
                    "unit": "px",
                    "top": "100",
                    "right": "0",
                    "bottom": "100",
                    "left": "0",
                    "isLinked": false
                },
                "structure": "20",
                "padding_tablet": {
                    "unit": "px",
                    "top": "80",
                    "right": "10",
                    "bottom": "80",
                    "left": "10",
                    "isLinked": false
                },
                "padding_mobile": {
                    "unit": "px",
                    "top": "100",
                    "right": "10",
                    "bottom": "0",
                    "left": "10",
                    "isLinked": false
                }
            },
            "elements": [
                {
                    "id": "21a18d95",
                    "settings": {
                        "_column_size": 50,
                        "_inline_size": null,
                        "background_background": "classic",
                        "box_shadow_box_shadow": {
                            "horizontal": 0,
                            "vertical": 0,
                            "blur": 10,
                            "spread": 1,
                            "color": "rgba(0, 0, 0, 0.15)"
                        },
                        "padding": {
                            "unit": "px",
                            "top": "0",
                            "right": "80",
                            "bottom": "0",
                            "left": "0",
                            "isLinked": false
                        },
                        "z_index": 2,
                        "_inline_size_tablet": 100,
                        "padding_tablet": {
                            "unit": "px",
                            "top": "0",
                            "right": "10",
                            "bottom": "0",
                            "left": "10",
                            "isLinked": false
                        }
                    },
                    "elements": [
                        {
                            "id": "7f8febcf",
                            "settings": {
                                "title": "Contact Us",
                                "align": "left",
                                "__globals__": {
                                    "title_color": "globals\/colors?id=b8d5379",
                                    "typography_typography": "globals\/typography?id=7b06b2f"
                                }
                            },
                            "elements": [],
                            "isInner": false,
                            "widgetType": "heading",
                            "elType": "widget"
                        },
                        {
                            "id": "925721a",
                            "settings": {
                                "title": "Get in Touch",
                                "align": "left",
                                "__globals__": {
                                    "title_color": "globals\/colors?id=cbc7fa9",
                                    "typography_typography": "globals\/typography?id=fa93100"
                                },
                                "title_color": "#050706"
                            },
                            "elements": [],
                            "isInner": false,
                            "widgetType": "heading",
                            "elType": "widget"
                        },
                        {
                            "id": "2689268",
                            "settings": {
                                "editor": "Lorem ipsum dolor sit amet, consectetur adipiscing elit, sed do eiusmod tempor incididunt ut labore et dolore magna aliqua. Ut enim ad minim veniam, quis nostrud exercitation ullamco laboris nisi ut aliquip ex ea commodo",
                                "text_color": "#787878",
                                "__globals__": {
                                    "text_color": "globals\/colors?id=8bc0ed0",
                                    "typography_typography": "globals\/typography?id=4636050"
                                }
                            },
                            "elements": [],
                            "isInner": false,
                            "widgetType": "text-editor",
                            "elType": "widget"
                        },
                        {
                            "id": "6a5b7171",
                            "settings": {
                                "ekit_icon_box_header_icons": {
                                    "value": "icon icon-cityscape",
                                    "library": "ekiticons"
                                },
                                "ekit_icon_box_title_text": "Ubud, Bali",
                                "ekit_icon_box_description_text": "Jl. Raya Mas Ubud No.88, Bali 80571",
                                "ekit_icon_box_btn_text": "Learn more ",
                                "ekit_icon_box_show_global_link": "",
                                "ekit_icon_box_water_mark_icons": {
                                    "value": "",
                                    "library": ""
                                },
                                "ekit_icon_box_badge_control": "",
                                "ekit_icon_box_badge_title": "EXCLUSIVE",
                                "ekit_icon_box_icon_primary_color": "#D08E02",
                                "ekit_icon_box_border_width": {
                                    "unit": "px",
                                    "top": "0",
                                    "right": "0",
                                    "bottom": "0",
                                    "left": "0",
                                    "isLinked": true
                                },
                                "ekit_icon_box_icon_space": {
                                    "unit": "px",
                                    "top": "0",
                                    "right": "20",
                                    "bottom": "0",
                                    "left": "0",
                                    "isLinked": false
                                },
                                "ekit_icon_title_color_hover": "",
                                "ekit_icon_description_color_hover": "",
                                "ekit_icon_box_iocnbox_border_group_border": "solid",
                                "ekit_icon_box_iocnbox_border_group_width": {
                                    "unit": "px",
                                    "top": "0",
                                    "right": "0",
                                    "bottom": "0",
                                    "left": "0",
                                    "isLinked": true
                                },
                                "ekit_icon_box_infobox_border_radious": {
                                    "unit": "px",
                                    "top": "0",
                                    "right": "0",
                                    "bottom": "0",
                                    "left": "0",
                                    "isLinked": true
                                },
                                "ekit_icon_box_infobox_bg_hover_group_background": "classic",
                                "ekit_icon_description_color": "#7A7A7A",
                                "ekit_icon_box_infobox_box_shadow_group_box_shadow": {
                                    "horizontal": 0,
                                    "vertical": 3,
                                    "blur": 15,
                                    "spread": 0,
                                    "color": "rgba(0, 0, 0, 0.1)"
                                },
                                "ekit_icon_box_icon_position": "left",
                                "ekit_icon_box_infobox_bg_group_background": "classic",
                                "ekit_icon_box_infobox_bg_padding": {
                                    "unit": "px",
                                    "top": "30",
                                    "right": "30",
                                    "bottom": "30",
                                    "left": "0",
                                    "isLinked": false
                                },
                                "ekit_icon_box_border_border": "solid",
                                "ekit_icon_icon_padding": {
                                    "unit": "px",
                                    "top": "0",
                                    "right": "0",
                                    "bottom": "0",
                                    "left": "0",
                                    "isLinked": true,
                                    "size": 15
                                },
                                "ekit_icon_box_header_image": {
                                    "url": "https:\/\/templatekit.jegtheme.com\/koncrete\/wp-content\/plugins\/elementor\/assets\/images\/placeholder.png",
                                    "id": ""
                                },
                                "ekit_icon_box_show_image": {
                                    "url": "https:\/\/templatekit.jegtheme.com\/koncrete\/wp-content\/plugins\/elementor\/assets\/images\/placeholder.png",
                                    "id": ""
                                },
                                "__globals__": {
                                    "ekit_icon_box_infobox_bg_group_color": "",
                                    "ekit_icon_box_icon_secondary_color_normal": "globals\/colors?id=e990a77",
                                    "ekit_icon_title_color": "globals\/colors?id=cbc7fa9",
                                    "ekit_icon_description_color": "",
                                    "ekit_icon_box_icon_primary_color": "globals\/colors?id=b8d5379",
                                    "ekit_icon_box_border_color": "globals\/colors?id=cbc7fa9",
                                    "ekit_icon_description_typography_group_typography": "globals\/typography?id=4636050",
                                    "ekit_icon_title_typography_group_typography": "globals\/typography?id=52049af"
                                },
                                "ekit_icon_title_bottom_space": {
                                    "unit": "px",
                                    "top": "0",
                                    "right": "0",
                                    "bottom": "14",
                                    "left": "0",
                                    "isLinked": false,
                                    "size": "20"
                                },
                                "ekit_icon_box_infobox_bg_padding_mobile": {
                                    "unit": "px",
                                    "top": "20",
                                    "right": "20",
                                    "bottom": "20",
                                    "left": "20",
                                    "isLinked": false
                                },
                                "ekit_icon_icon_size_mobile": {
                                    "unit": "px",
                                    "size": 30,
                                    "sizes": []
                                },
                                "ekit_icon_icon_padding_mobile": {
                                    "unit": "px",
                                    "top": "10",
                                    "right": "10",
                                    "bottom": "10",
                                    "left": "10",
                                    "isLinked": true
                                },
                                "ekit_icon_box_border_color": "#050706",
                                "ekit_icon_icon_size": {
                                    "unit": "px",
                                    "size": 65,
                                    "sizes": []
                                },
                                "ekit_icon_title_color": "#050706",
                                "ekit_icon_description_typography_group_typography": "custom",
                                "ekit_icon_description_typography_group_font_family": "Inter",
                                "ekit_icon_description_typography_group_font_size": {
                                    "unit": "px",
                                    "size": 16,
                                    "sizes": []
                                },
                                "ekit_icon_description_typography_group_font_size_mobile": {
                                    "unit": "px",
                                    "size": 15,
                                    "sizes": []
                                },
                                "ekit_icon_description_typography_group_font_weight": "300",
                                "ekit_icon_box_icon_secondary_color_normal": "#FFFFFF"
                            },
                            "elements": [],
                            "isInner": false,
                            "widgetType": "elementskit-icon-box",
                            "elType": "widget"
                        },
                        {
                            "id": "4c64e844",
                            "settings": {
                                "address": "jl raya mas ubud",
                                "zoom": {
                                    "unit": "px",
                                    "size": 15,
                                    "sizes": []
                                }
                            },
                            "elements": [],
                            "isInner": false,
                            "widgetType": "google_maps",
                            "elType": "widget"
                        }
                    ],
                    "isInner": false,
                    "elType": "column"
                },
                {
                    "id": "3c2e96ef",
                    "settings": {
                        "_column_size": 50,
                        "_inline_size": null,
                        "background_background": "classic",
                        "box_shadow_box_shadow": {
                            "horizontal": 0,
                            "vertical": 5,
                            "blur": 10,
                            "spread": 0,
                            "color": "rgba(0, 0, 0, 0.1)"
                        },
                        "margin": {
                            "unit": "px",
                            "top": "0",
                            "right": "0",
                            "bottom": "0",
                            "left": "20",
                            "isLinked": false
                        },
                        "z_index": 2,
                        "_inline_size_tablet": 100,
                        "margin_tablet": {
                            "unit": "px",
                            "top": "40",
                            "right": "10",
                            "bottom": "100",
                            "left": "10",
                            "isLinked": false
                        },
                        "padding_mobile": {
                            "unit": "px",
                            "top": "0",
                            "right": "10",
                            "bottom": "0",
                            "left": "10",
                            "isLinked": false
                        },
                        "padding": {
                            "unit": "px",
                            "top": "40",
                            "right": "40",
                            "bottom": "40",
                            "left": "40",
                            "isLinked": true
                        },
                        "margin_mobile": {
                            "unit": "px",
                            "top": "40",
                            "right": "0",
                            "bottom": "100",
                            "left": "0",
                            "isLinked": false
                        },
                        "box_shadow_box_shadow_type": "yes",
                        "__globals__": {
                            "background_color": "globals\/colors?id=e990a77"
                        }
                    },
                    "elements": [
                        {
                            "id": "10e4ac5c",
                            "settings": [],
                            "elements": [],
                            "isInner": false,
                            "widgetType": "metform",
                            "elType": "widget"
                        }
                    ],
                    "isInner": false,
                    "elType": "column"
                }
            ],
            "isInner": false,
            "elType": "section"
        }
    ],
    "page_settings": {
        "eael_ext_toc_title": "Table of Contents",
        "template": "elementor_canvas"
    }
}