{
    "version": "0.4",
    "title": "Footer",
    "type": "section",
    "metadata": {
        "template_type": "section-footer",
        "include_in_zip": "1",
        "elementor_pro_required": null,
        "wp_page_template": "elementor_canvas"
    },
    "content": [
        {
            "id": "7383a964",
            "settings": {
                "background_color": "#F4F4F4",
                "padding": {
                    "unit": "px",
                    "top": "80",
                    "right": "0",
                    "bottom": "15",
                    "left": "0",
                    "isLinked": false
                },
                "__globals__": {
                    "background_color": "",
                    "background_overlay_color": ""
                },
                "background_size": "cover",
                "background_overlay_background": "classic",
                "background_overlay_color": "#000000",
                "background_overlay_opacity": {
                    "unit": "px",
                    "size": 1,
                    "sizes": []
                },
                "padding_mobile": {
                    "unit": "px",
                    "top": "50",
                    "right": "0",
                    "bottom": "15",
                    "left": "0",
                    "isLinked": false
                },
                "gap": "no",
                "background_overlay_position": "top left",
                "background_overlay_repeat": "no-repeat",
                "background_overlay_image": {
                    "url": "https:\/\/templatekit.jegtheme.com\/hestate\/wp-content\/uploads\/sites\/40\/2021\/02\/footer-overlay2x-e1613019434568.png",
                    "id": 505
                },
                "margin": {
                    "unit": "px",
                    "top": "0",
                    "right": 0,
                    "bottom": "0",
                    "left": 0,
                    "isLinked": false
                },
                "z_index": 0,
                "background_image": {
                    "url": "https:\/\/templatekit.jegtheme.com\/hestate\/wp-content\/uploads\/sites\/40\/2021\/02\/white-plaster-texture.jpg",
                    "id": 1006
                },
                "background_position": "center center",
                "background_overlay_size_mobile": "contain"
            },
            "elements": [
                {
                    "id": "67846980",
                    "settings": {
                        "_column_size": 100,
                        "_inline_size": null,
                        "margin_tablet": {
                            "unit": "px",
                            "top": "140",
                            "right": "10",
                            "bottom": "0",
                            "left": "10",
                            "isLinked": false
                        },
                        "margin_mobile": {
                            "unit": "px",
                            "top": "120",
                            "right": "10",
                            "bottom": "0",
                            "left": "10",
                            "isLinked": false
                        },
                        "align": "center"
                    },
                    "elements": [
                        {
                            "id": "525d981e",
                            "settings": {
                                "image": {
                                    "url": "https:\/\/templatekit.jegtheme.com\/hestate\/wp-content\/uploads\/sites\/40\/2021\/02\/just-logo.png",
                                    "id": 560
                                },
                                "width": {
                                    "unit": "%",
                                    "size": 10,
                                    "sizes": []
                                },
                                "animation_duration": "slow",
                                "_animation_delay": 100,
                                "width_tablet": {
                                    "unit": "%",
                                    "size": 13,
                                    "sizes": []
                                },
                                "width_mobile": {
                                    "unit": "%",
                                    "size": 25,
                                    "sizes": []
                                },
                                "space_mobile": {
                                    "unit": "%",
                                    "size": 100,
                                    "sizes": []
                                },
                                "link_to": "custom"
                            },
                            "elements": [],
                            "isInner": false,
                            "widgetType": "image",
                            "elType": "widget"
                        },
                        {
                            "id": "4bc06441",
                            "settings": {
                                "editor": "Lorem ipsum dolor sit amet, consectetur adipiscing elit. Phasellus malesuada neque sed pellentesque ullamcorper.",
                                "align": "center",
                                "typography_typography": "custom",
                                "typography_font_family": "Inter",
                                "typography_font_size": {
                                    "unit": "px",
                                    "size": 16,
                                    "sizes": []
                                },
                                "typography_font_weight": "300",
                                "_margin": {
                                    "unit": "px",
                                    "top": "0",
                                    "right": "0",
                                    "bottom": "20",
                                    "left": "0",
                                    "isLinked": false
                                },
                                "__globals__": {
                                    "text_color": ""
                                },
                                "animation_duration": "slow",
                                "_animation_delay": 200,
                                "typography_font_size_tablet": {
                                    "unit": "px",
                                    "size": 15,
                                    "sizes": []
                                },
                                "typography_font_size_mobile": {
                                    "unit": "px",
                                    "size": 14,
                                    "sizes": []
                                },
                                "_margin_tablet": {
                                    "unit": "px",
                                    "top": "0",
                                    "right": "40",
                                    "bottom": "0",
                                    "left": "40",
                                    "isLinked": false
                                },
                                "_margin_mobile": {
                                    "unit": "px",
                                    "top": "0",
                                    "right": "0",
                                    "bottom": "0",
                                    "left": "0",
                                    "isLinked": false
                                },
                                "text_color": "#FFFFFF",
                                "_element_width": "initial",
                                "_element_custom_width": {
                                    "unit": "px",
                                    "size": 505,
                                    "sizes": []
                                },
                                "_element_width_mobile": "inherit"
                            },
                            "elements": [],
                            "isInner": false,
                            "widgetType": "text-editor",
                            "elType": "widget"
                        },
                        {
                            "id": "36d4a958",
                            "settings": {
                                "text": "Divider",
                                "color": "#78787830",
                                "__globals__": {
                                    "color": ""
                                },
                                "_margin": {
                                    "unit": "px",
                                    "top": "0",
                                    "right": "0",
                                    "bottom": "10",
                                    "left": "0",
                                    "isLinked": false
                                }
                            },
                            "elements": [],
                            "isInner": false,
                            "widgetType": "divider",
                            "elType": "widget"
                        },
                        {
                            "id": "197a2d43",
                            "settings": {
                                "structure": "40",
                                "padding": {
                                    "unit": "px",
                                    "top": "0",
                                    "right": "0",
                                    "bottom": "20",
                                    "left": "0",
                                    "isLinked": false
                                },
                                "padding_tablet": {
                                    "unit": "px",
                                    "top": "0",
                                    "right": "0",
                                    "bottom": "30",
                                    "left": "0",
                                    "isLinked": false
                                },
                                "padding_mobile": {
                                    "unit": "px",
                                    "top": "0",
                                    "right": "0",
                                    "bottom": "30",
                                    "left": "0",
                                    "isLinked": false
                                },
                                "gap": "no"
                            },
                            "elements": [
                                {
                                    "id": "1f9bfa84",
                                    "settings": {
                                        "_column_size": 25,
                                        "_inline_size": 39.091,
                                        "padding": {
                                            "unit": "px",
                                            "top": "0",
                                            "right": "60",
                                            "bottom": "0",
                                            "left": "0",
                                            "isLinked": false
                                        },
                                        "_inline_size_tablet": 50,
                                        "margin_tablet": {
                                            "unit": "px",
                                            "top": "0",
                                            "right": "0",
                                            "bottom": "30",
                                            "left": "0",
                                            "isLinked": false
                                        },
                                        "margin_mobile": {
                                            "unit": "px",
                                            "top": "0",
                                            "right": "0",
                                            "bottom": "30",
                                            "left": "0",
                                            "isLinked": false
                                        }
                                    },
                                    "elements": [
                                        {
                                            "id": "2cbba36b",
                                            "settings": {
                                                "title": "Keep Updated",
                                                "typography_typography": "custom",
                                                "typography_font_family": "Playfair Display",
                                                "typography_font_size": {
                                                    "unit": "px",
                                                    "size": 20,
                                                    "sizes": []
                                                },
                                                "typography_font_weight": "600",
                                                "typography_letter_spacing": {
                                                    "unit": "px",
                                                    "size": 1,
                                                    "sizes": []
                                                },
                                                "__globals__": {
                                                    "title_color": ""
                                                },
                                                "header_size": "h4",
                                                "_animation_delay": 100,
                                                "typography_font_size_tablet": {
                                                    "unit": "px",
                                                    "size": 19,
                                                    "sizes": []
                                                },
                                                "typography_font_size_mobile": {
                                                    "unit": "px",
                                                    "size": 18,
                                                    "sizes": []
                                                },
                                                "title_color": "#FFFFFF"
                                            },
                                            "elements": [],
                                            "isInner": false,
                                            "widgetType": "heading",
                                            "elType": "widget"
                                        },
                                        {
                                            "id": "5997c579",
                                            "settings": {
                                                "editor": "<p>Subscribe sit amet dignissim sem. Duis suscipit, nisi ut fermentum molestie, nibh velit hendrerit elit.<\/p>",
                                                "typography_typography": "custom",
                                                "typography_font_family": "Inter",
                                                "typography_font_size": {
                                                    "unit": "px",
                                                    "size": 16,
                                                    "sizes": []
                                                },
                                                "typography_font_weight": "300",
                                                "__globals__": {
                                                    "text_color": ""
                                                },
                                                "_animation_delay": 200,
                                                "align": "left",
                                                "typography_font_size_tablet": {
                                                    "unit": "px",
                                                    "size": 15,
                                                    "sizes": []
                                                },
                                                "typography_font_size_mobile": {
                                                    "unit": "px",
                                                    "size": 14,
                                                    "sizes": []
                                                },
                                                "_margin_tablet": {
                                                    "unit": "px",
                                                    "top": "0",
                                                    "right": "0",
                                                    "bottom": "-10",
                                                    "left": "0",
                                                    "isLinked": false
                                                },
                                                "animation_duration": "slow",
                                                "_margin": {
                                                    "unit": "px",
                                                    "top": "0",
                                                    "right": "0",
                                                    "bottom": "-10",
                                                    "left": "0",
                                                    "isLinked": false
                                                },
                                                "text_color": "#FFFFFF"
                                            },
                                            "elements": [],
                                            "isInner": false,
                                            "widgetType": "text-editor",
                                            "elType": "widget"
                                        },
                                        {
                                            "id": "670bb76a",
                                            "settings": {
                                                "ekit_mail_chimp_email_address_placeholder": "Your Email",
                                                "ekit_mail_chimp_email_icon_show": "",
                                                "ekit_mail_chimp_submit": "",
                                                "ekit_mail_chimp_success_message": "Successfully listed this email",
                                                "ekit_mail_chimp_input_label_typography_typography": "custom",
                                                "ekit_mail_chimp_input_label_typography_font_family": "Playfair Display",
                                                "ekit_mail_chimp_input_label_typography_font_weight": "600",
                                                "ekit_mail_chimp_input_typography_typography": "custom",
                                                "ekit_mail_chimp_input_typography_font_family": "Inter",
                                                "ekit_mail_chimp_input_typography_font_size": {
                                                    "unit": "px",
                                                    "size": 16,
                                                    "sizes": []
                                                },
                                                "ekit_mail_chimp_input_typography_font_weight": "300",
                                                "ekit_mail_chimp_input_style_radius": {
                                                    "unit": "px",
                                                    "top": "0",
                                                    "right": "0",
                                                    "bottom": "0",
                                                    "left": "0",
                                                    "isLinked": false
                                                },
                                                "ekit_mail_chimp_input_style_border_border": "solid",
                                                "ekit_mail_chimp_input_style_border_width": {
                                                    "unit": "px",
                                                    "top": "0",
                                                    "right": "0",
                                                    "bottom": "0",
                                                    "left": "0",
                                                    "isLinked": true
                                                },
                                                "ekit_mail_chimp_input_style_padding": {
                                                    "unit": "px",
                                                    "top": "15",
                                                    "right": "15",
                                                    "bottom": "15",
                                                    "left": "24",
                                                    "isLinked": false
                                                },
                                                "ekit_mail_chimp_input_style_width__switch": "yes",
                                                "ekit_mail_chimp_input_style_width": {
                                                    "unit": "%",
                                                    "size": 62,
                                                    "sizes": []
                                                },
                                                "ekit_mail_chimp_input_style_margin_right": {
                                                    "unit": "px",
                                                    "size": 10,
                                                    "sizes": []
                                                },
                                                "ekit_mail_chimp_input_style_placeholder_color": "#C2C2C2",
                                                "ekit_mail_chimp_input_style_placeholder_font_size": {
                                                    "unit": "px",
                                                    "size": 16,
                                                    "sizes": []
                                                },
                                                "ekit_mail_chimp_button_typography_typography": "custom",
                                                "ekit_mail_chimp_button_typography_font_family": "Inter",
                                                "ekit_mail_chimp_button_typography_font_size": {
                                                    "unit": "px",
                                                    "size": 16,
                                                    "sizes": []
                                                },
                                                "ekit_mail_chimp_button_typography_font_weight": "400",
                                                "ekit_mail_chimp_button_typography_text_transform": "uppercase",
                                                "ekit_mail_chimp_button_typography_letter_spacing": {
                                                    "unit": "px",
                                                    "size": 1,
                                                    "sizes": []
                                                },
                                                "ekit_mail_chimp_button_border_radius": {
                                                    "unit": "px",
                                                    "top": "0",
                                                    "right": "0",
                                                    "bottom": "0",
                                                    "left": "0",
                                                    "isLinked": false
                                                },
                                                "ekit_mail_chimp_button_border_padding": {
                                                    "unit": "px",
                                                    "top": "14",
                                                    "right": "14",
                                                    "bottom": "14",
                                                    "left": "20",
                                                    "isLinked": false
                                                },
                                                "ekit_mail_chimp_button_color": "#FFFFFF",
                                                "ekit_mail_chimp_button_background_background": "classic",
                                                "ekit_mail_chimp_button_color_hover": "",
                                                "ekit_mail_chimp_button_background_hover_background": "classic",
                                                "__globals__": {
                                                    "ekit_mail_chimp_input_style_placeholder_color": "",
                                                    "ekit_mail_chimp_button_color": "",
                                                    "ekit_mail_chimp_button_background_color": "globals\/colors?id=b8d5379",
                                                    "ekit_mail_chimp_button_background_hover_color": "globals\/colors?id=d9725cf"
                                                },
                                                "_animation_delay": 1000,
                                                "ekit_mail_chimp_input_typography_font_size_tablet": {
                                                    "unit": "px",
                                                    "size": 15,
                                                    "sizes": []
                                                },
                                                "ekit_mail_chimp_input_typography_font_size_mobile": {
                                                    "unit": "px",
                                                    "size": 14,
                                                    "sizes": []
                                                },
                                                "ekit_mail_chimp_input_style_margin_right_mobile": {
                                                    "unit": "px",
                                                    "size": 5,
                                                    "sizes": []
                                                },
                                                "ekit_mail_chimp_input_style_placeholder_font_size_tablet": {
                                                    "unit": "px",
                                                    "size": 15,
                                                    "sizes": []
                                                },
                                                "ekit_mail_chimp_input_style_placeholder_font_size_mobile": {
                                                    "unit": "px",
                                                    "size": 14,
                                                    "sizes": []
                                                },
                                                "ekit_mail_chimp_button_typography_font_size_tablet": {
                                                    "unit": "px",
                                                    "size": 15,
                                                    "sizes": []
                                                },
                                                "ekit_mail_chimp_button_typography_font_size_mobile": {
                                                    "unit": "px",
                                                    "size": 14,
                                                    "sizes": []
                                                },
                                                "ekit_mail_chimp_button_border_padding_mobile": {
                                                    "unit": "px",
                                                    "top": "13",
                                                    "right": "40",
                                                    "bottom": "12",
                                                    "left": "30",
                                                    "isLinked": false
                                                },
                                                "ekit_mail_chimp_input_style_width_tablet": {
                                                    "unit": "%",
                                                    "size": 55,
                                                    "sizes": []
                                                },
                                                "ekit_mail_chimp_input_style_margin_right_tablet": {
                                                    "unit": "px",
                                                    "size": 10,
                                                    "sizes": []
                                                },
                                                "ekit_mail_chimp_input_style_padding_tablet": {
                                                    "unit": "px",
                                                    "top": "11",
                                                    "right": "11",
                                                    "bottom": "11",
                                                    "left": "11",
                                                    "isLinked": true
                                                },
                                                "ekit_mail_chimp_input_style_padding_mobile": {
                                                    "unit": "px",
                                                    "top": "15",
                                                    "right": "15",
                                                    "bottom": "15",
                                                    "left": "15",
                                                    "isLinked": true
                                                },
                                                "ekit_mail_chimp_button_border_padding_tablet": {
                                                    "unit": "px",
                                                    "top": "9",
                                                    "right": "30",
                                                    "bottom": "9",
                                                    "left": "30",
                                                    "isLinked": false
                                                },
                                                "ekit_mail_chimp_submit_icons": {
                                                    "value": "fas fa-paper-plane",
                                                    "library": "fa-solid"
                                                },
                                                "ekit_mail_chimp_button_icon_padding_right_tablet": {
                                                    "unit": "px",
                                                    "size": 0,
                                                    "sizes": []
                                                },
                                                "ekit_mail_chimp_opt_in_success_message": "Please check your mail and confirm subscribe"
                                            },
                                            "elements": [],
                                            "isInner": false,
                                            "widgetType": "elementskit-mail-chimp",
                                            "elType": "widget"
                                        }
                                    ],
                                    "isInner": true,
                                    "elType": "column"
                                },
                                {
                                    "id": "3d911e0f",
                                    "settings": {
                                        "_column_size": 25,
                                        "_inline_size": 18.885,
                                        "padding": {
                                            "unit": "px",
                                            "top": "0",
                                            "right": "0",
                                            "bottom": "0",
                                            "left": "0",
                                            "isLinked": false
                                        },
                                        "_inline_size_tablet": 50,
                                        "margin_mobile": {
                                            "unit": "px",
                                            "top": "0",
                                            "right": "0",
                                            "bottom": "30",
                                            "left": "0",
                                            "isLinked": false
                                        }
                                    },
                                    "elements": [
                                        {
                                            "id": "74d00e37",
                                            "settings": {
                                                "title": "Other Pages",
                                                "typography_typography": "custom",
                                                "typography_font_family": "Playfair Display",
                                                "typography_font_size": {
                                                    "unit": "px",
                                                    "size": 20,
                                                    "sizes": []
                                                },
                                                "typography_font_weight": "600",
                                                "typography_letter_spacing": {
                                                    "unit": "px",
                                                    "size": 1,
                                                    "sizes": []
                                                },
                                                "__globals__": {
                                                    "title_color": ""
                                                },
                                                "header_size": "h4",
                                                "_animation_delay": 100,
                                                "typography_font_size_tablet": {
                                                    "unit": "px",
                                                    "size": 19,
                                                    "sizes": []
                                                },
                                                "typography_font_size_mobile": {
                                                    "unit": "px",
                                                    "size": 18,
                                                    "sizes": []
                                                },
                                                "title_color": "#FFFFFF"
                                            },
                                            "elements": [],
                                            "isInner": false,
                                            "widgetType": "heading",
                                            "elType": "widget"
                                        },
                                        {
                                            "id": "2c4e709f",
                                            "settings": {
                                                "icon_list": [
                                                    {
                                                        "text": "About",
                                                        "selected_icon": {
                                                            "value": "",
                                                            "library": ""
                                                        },
                                                        "_id": "743fb65",
                                                        "link": {
                                                            "url": "#",
                                                            "is_external": "",
                                                            "nofollow": "",
                                                            "custom_attributes": ""
                                                        }
                                                    },
                                                    {
                                                        "text": "Services",
                                                        "selected_icon": {
                                                            "value": "",
                                                            "library": ""
                                                        },
                                                        "link": {
                                                            "url": "#",
                                                            "is_external": "",
                                                            "nofollow": "",
                                                            "custom_attributes": ""
                                                        },
                                                        "_id": "2e04810"
                                                    },
                                                    {
                                                        "text": "Pricing",
                                                        "selected_icon": {
                                                            "value": "",
                                                            "library": ""
                                                        },
                                                        "link": {
                                                            "url": "#",
                                                            "is_external": "",
                                                            "nofollow": "",
                                                            "custom_attributes": ""
                                                        },
                                                        "_id": "ea34e2a"
                                                    },
                                                    {
                                                        "text": "Contact",
                                                        "selected_icon": {
                                                            "value": "",
                                                            "library": ""
                                                        },
                                                        "link": {
                                                            "url": "#",
                                                            "is_external": "",
                                                            "nofollow": "",
                                                            "custom_attributes": ""
                                                        },
                                                        "_id": "64048f4"
                                                    }
                                                ],
                                                "space_between": {
                                                    "unit": "px",
                                                    "size": 5,
                                                    "sizes": []
                                                },
                                                "icon_color": "#B59D5C",
                                                "icon_typography_typography": "custom",
                                                "icon_typography_font_family": "Inter",
                                                "icon_typography_font_size": {
                                                    "unit": "px",
                                                    "size": 16,
                                                    "sizes": []
                                                },
                                                "icon_typography_font_weight": "300",
                                                "__globals__": {
                                                    "icon_color": "",
                                                    "text_color": "globals\/colors?id=e990a77",
                                                    "text_color_hover": "globals\/colors?id=b8d5379"
                                                },
                                                "_animation_delay": 100,
                                                "icon_size_tablet": {
                                                    "unit": "px",
                                                    "size": 14,
                                                    "sizes": []
                                                },
                                                "icon_size_mobile": {
                                                    "unit": "px",
                                                    "size": 13,
                                                    "sizes": []
                                                },
                                                "icon_typography_font_size_tablet": {
                                                    "unit": "px",
                                                    "size": 15,
                                                    "sizes": []
                                                },
                                                "icon_typography_font_size_mobile": {
                                                    "unit": "px",
                                                    "size": 14,
                                                    "sizes": []
                                                },
                                                "icon_size": {
                                                    "unit": "px",
                                                    "size": 15,
                                                    "sizes": []
                                                },
                                                "text_color_hover": "#D08E02"
                                            },
                                            "elements": [],
                                            "isInner": false,
                                            "widgetType": "icon-list",
                                            "elType": "widget"
                                        }
                                    ],
                                    "isInner": true,
                                    "elType": "column"
                                },
                                {
                                    "id": "5e6df07d",
                                    "settings": {
                                        "_column_size": 25,
                                        "_inline_size": 18.891,
                                        "_inline_size_tablet": 50,
                                        "margin_mobile": {
                                            "unit": "px",
                                            "top": "0",
                                            "right": "0",
                                            "bottom": "30",
                                            "left": "0",
                                            "isLinked": false
                                        }
                                    },
                                    "elements": [
                                        {
                                            "id": "5444dba0",
                                            "settings": {
                                                "title": "Quick Links",
                                                "typography_typography": "custom",
                                                "typography_font_family": "Playfair Display",
                                                "typography_font_size": {
                                                    "unit": "px",
                                                    "size": 20,
                                                    "sizes": []
                                                },
                                                "typography_font_weight": "600",
                                                "typography_letter_spacing": {
                                                    "unit": "px",
                                                    "size": 1,
                                                    "sizes": []
                                                },
                                                "__globals__": {
                                                    "title_color": ""
                                                },
                                                "header_size": "h4",
                                                "_animation_delay": 100,
                                                "typography_font_size_tablet": {
                                                    "unit": "px",
                                                    "size": 19,
                                                    "sizes": []
                                                },
                                                "typography_font_size_mobile": {
                                                    "unit": "px",
                                                    "size": 18,
                                                    "sizes": []
                                                },
                                                "title_color": "#FFFFFF"
                                            },
                                            "elements": [],
                                            "isInner": false,
                                            "widgetType": "heading",
                                            "elType": "widget"
                                        },
                                        {
                                            "id": "79c6bbbd",
                                            "settings": {
                                                "icon_list": [
                                                    {
                                                        "text": "Privacy Policy",
                                                        "selected_icon": {
                                                            "value": "",
                                                            "library": ""
                                                        },
                                                        "_id": "743fb65",
                                                        "link": {
                                                            "url": "#",
                                                            "is_external": "",
                                                            "nofollow": "",
                                                            "custom_attributes": ""
                                                        }
                                                    },
                                                    {
                                                        "text": "Terms of Service",
                                                        "selected_icon": {
                                                            "value": "",
                                                            "library": ""
                                                        },
                                                        "link": {
                                                            "url": "#",
                                                            "is_external": "",
                                                            "nofollow": "",
                                                            "custom_attributes": ""
                                                        },
                                                        "_id": "2e04810"
                                                    },
                                                    {
                                                        "text": "Credit",
                                                        "selected_icon": {
                                                            "value": "",
                                                            "library": ""
                                                        },
                                                        "link": {
                                                            "url": "#",
                                                            "is_external": "",
                                                            "nofollow": "",
                                                            "custom_attributes": ""
                                                        },
                                                        "_id": "ea34e2a"
                                                    },
                                                    {
                                                        "text": "FAQ",
                                                        "selected_icon": {
                                                            "value": "",
                                                            "library": ""
                                                        },
                                                        "link": {
                                                            "url": "#",
                                                            "is_external": "",
                                                            "nofollow": "",
                                                            "custom_attributes": ""
                                                        },
                                                        "_id": "64048f4"
                                                    }
                                                ],
                                                "space_between": {
                                                    "unit": "px",
                                                    "size": 5,
                                                    "sizes": []
                                                },
                                                "icon_color": "#B59D5C",
                                                "icon_typography_typography": "custom",
                                                "icon_typography_font_family": "Inter",
                                                "icon_typography_font_size": {
                                                    "unit": "px",
                                                    "size": 16,
                                                    "sizes": []
                                                },
                                                "icon_typography_font_weight": "300",
                                                "__globals__": {
                                                    "icon_color": "",
                                                    "text_color": "globals\/colors?id=e990a77",
                                                    "text_color_hover": "globals\/colors?id=b8d5379"
                                                },
                                                "_animation_delay": 100,
                                                "icon_size_tablet": {
                                                    "unit": "px",
                                                    "size": 14,
                                                    "sizes": []
                                                },
                                                "icon_size_mobile": {
                                                    "unit": "px",
                                                    "size": 13,
                                                    "sizes": []
                                                },
                                                "icon_typography_font_size_tablet": {
                                                    "unit": "px",
                                                    "size": 15,
                                                    "sizes": []
                                                },
                                                "icon_typography_font_size_mobile": {
                                                    "unit": "px",
                                                    "size": 14,
                                                    "sizes": []
                                                },
                                                "icon_size": {
                                                    "unit": "px",
                                                    "size": 15,
                                                    "sizes": []
                                                }
                                            },
                                            "elements": [],
                                            "isInner": false,
                                            "widgetType": "icon-list",
                                            "elType": "widget"
                                        }
                                    ],
                                    "isInner": true,
                                    "elType": "column"
                                },
                                {
                                    "id": "5acece55",
                                    "settings": {
                                        "_column_size": 25,
                                        "_inline_size": 23.082,
                                        "padding": {
                                            "unit": "px",
                                            "top": "0",
                                            "right": "0",
                                            "bottom": "0",
                                            "left": "0",
                                            "isLinked": false
                                        },
                                        "_inline_size_tablet": 50,
                                        "margin_mobile": {
                                            "unit": "px",
                                            "top": "0",
                                            "right": "0",
                                            "bottom": "40",
                                            "left": "0",
                                            "isLinked": false
                                        }
                                    },
                                    "elements": [
                                        {
                                            "id": "239ed013",
                                            "settings": {
                                                "title": "Office Location",
                                                "typography_typography": "custom",
                                                "typography_font_family": "Playfair Display",
                                                "typography_font_size": {
                                                    "unit": "px",
                                                    "size": 20,
                                                    "sizes": []
                                                },
                                                "typography_font_weight": "600",
                                                "typography_letter_spacing": {
                                                    "unit": "px",
                                                    "size": 1,
                                                    "sizes": []
                                                },
                                                "__globals__": {
                                                    "title_color": ""
                                                },
                                                "header_size": "h4",
                                                "_animation_delay": 100,
                                                "typography_font_size_tablet": {
                                                    "unit": "px",
                                                    "size": 19,
                                                    "sizes": []
                                                },
                                                "typography_font_size_mobile": {
                                                    "unit": "px",
                                                    "size": 18,
                                                    "sizes": []
                                                },
                                                "title_color": "#FFFFFF"
                                            },
                                            "elements": [],
                                            "isInner": false,
                                            "widgetType": "heading",
                                            "elType": "widget"
                                        },
                                        {
                                            "id": "2fb51cff",
                                            "settings": {
                                                "icon_list": [
                                                    {
                                                        "text": "Jl. Raya Mas Ubud, Gianyar.",
                                                        "selected_icon": {
                                                            "value": "fas fa-map-marker-alt",
                                                            "library": "fa-solid"
                                                        },
                                                        "_id": "743fb65",
                                                        "link": {
                                                            "url": "#",
                                                            "is_external": "",
                                                            "nofollow": "",
                                                            "custom_attributes": ""
                                                        }
                                                    },
                                                    {
                                                        "text": "(+62) 119-9234-231",
                                                        "selected_icon": {
                                                            "value": "fas fa-phone-alt",
                                                            "library": "fa-solid"
                                                        },
                                                        "link": {
                                                            "url": "#",
                                                            "is_external": "",
                                                            "nofollow": "",
                                                            "custom_attributes": ""
                                                        },
                                                        "_id": "2e04810"
                                                    },
                                                    {
                                                        "text": "Mon - Sat : 09:00 AM - 21:00 PM Sunday : Closed",
                                                        "selected_icon": {
                                                            "value": "fas fa-clock",
                                                            "library": "fa-solid"
                                                        },
                                                        "link": {
                                                            "url": "#",
                                                            "is_external": "",
                                                            "nofollow": "",
                                                            "custom_attributes": ""
                                                        },
                                                        "_id": "ea34e2a"
                                                    }
                                                ],
                                                "space_between": {
                                                    "unit": "px",
                                                    "size": 5,
                                                    "sizes": []
                                                },
                                                "icon_typography_typography": "custom",
                                                "icon_typography_font_family": "Inter",
                                                "icon_typography_font_size": {
                                                    "unit": "px",
                                                    "size": 16,
                                                    "sizes": []
                                                },
                                                "icon_typography_font_weight": "300",
                                                "__globals__": {
                                                    "icon_color": "globals\/colors?id=b8d5379",
                                                    "text_color": "globals\/colors?id=e990a77",
                                                    "text_color_hover": "globals\/colors?id=b8d5379"
                                                },
                                                "_animation_delay": 100,
                                                "icon_size_tablet": {
                                                    "unit": "px",
                                                    "size": 14,
                                                    "sizes": []
                                                },
                                                "icon_size_mobile": {
                                                    "unit": "px",
                                                    "size": 13,
                                                    "sizes": []
                                                },
                                                "icon_typography_font_size_tablet": {
                                                    "unit": "px",
                                                    "size": 15,
                                                    "sizes": []
                                                },
                                                "icon_typography_font_size_mobile": {
                                                    "unit": "px",
                                                    "size": 14,
                                                    "sizes": []
                                                },
                                                "icon_size": {
                                                    "unit": "px",
                                                    "size": 15,
                                                    "sizes": []
                                                }
                                            },
                                            "elements": [],
                                            "isInner": false,
                                            "widgetType": "icon-list",
                                            "elType": "widget"
                                        }
                                    ],
                                    "isInner": true,
                                    "elType": "column"
                                }
                            ],
                            "isInner": true,
                            "elType": "section"
                        },
                        {
                            "id": "6ccb0e5",
                            "settings": {
                                "text": "Divider",
                                "color": "#78787830",
                                "gap": {
                                    "unit": "px",
                                    "size": 2,
                                    "sizes": []
                                }
                            },
                            "elements": [],
                            "isInner": false,
                            "widgetType": "divider",
                            "elType": "widget"
                        },
                        {
                            "id": "80b3714",
                            "settings": {
                                "structure": "20",
                                "margin": {
                                    "unit": "px",
                                    "top": "",
                                    "right": 0,
                                    "bottom": "",
                                    "left": 0,
                                    "isLinked": true
                                },
                                "gap": "no",
                                "reverse_order_mobile": "reverse-mobile"
                            },
                            "elements": [
                                {
                                    "id": "1c7b890c",
                                    "settings": {
                                        "_column_size": 50,
                                        "_inline_size": null,
                                        "content_position": "center",
                                        "padding": {
                                            "unit": "px",
                                            "top": "0",
                                            "right": "0",
                                            "bottom": "0",
                                            "left": "0",
                                            "isLinked": false
                                        },
                                        "margin_mobile": {
                                            "unit": "px",
                                            "top": "0",
                                            "right": "0",
                                            "bottom": "30",
                                            "left": "0",
                                            "isLinked": false
                                        }
                                    },
                                    "elements": [
                                        {
                                            "id": "61037f89",
                                            "settings": {
                                                "title": "\u00a9 2020 Template By Jegtheme",
                                                "header_size": "div",
                                                "align": "left",
                                                "typography_typography": "custom",
                                                "typography_font_family": "Inter",
                                                "typography_font_size": {
                                                    "unit": "px",
                                                    "size": 12,
                                                    "sizes": []
                                                },
                                                "typography_font_weight": "300",
                                                "__globals__": {
                                                    "title_color": "globals\/colors?id=e990a77"
                                                },
                                                "_animation_delay": 1500,
                                                "align_mobile": "center",
                                                "typography_font_size_tablet": {
                                                    "unit": "px",
                                                    "size": 14,
                                                    "sizes": []
                                                },
                                                "typography_font_size_mobile": {
                                                    "unit": "px",
                                                    "size": 13,
                                                    "sizes": []
                                                },
                                                "_margin_mobile": {
                                                    "unit": "px",
                                                    "top": "0",
                                                    "right": "0",
                                                    "bottom": "0",
                                                    "left": "0",
                                                    "isLinked": false
                                                }
                                            },
                                            "elements": [],
                                            "isInner": false,
                                            "widgetType": "heading",
                                            "elType": "widget"
                                        }
                                    ],
                                    "isInner": true,
                                    "elType": "column"
                                },
                                {
                                    "id": "1afba230",
                                    "settings": {
                                        "_column_size": 50,
                                        "_inline_size": null,
                                        "padding": {
                                            "unit": "px",
                                            "top": "0",
                                            "right": "0",
                                            "bottom": "0",
                                            "left": "0",
                                            "isLinked": false
                                        }
                                    },
                                    "elements": [
                                        {
                                            "id": "20e3322d",
                                            "settings": {
                                                "view": "inline",
                                                "icon_list": [
                                                    {
                                                        "text": "Fb",
                                                        "selected_icon": {
                                                            "value": "",
                                                            "library": ""
                                                        },
                                                        "_id": "6706c4b",
                                                        "link": {
                                                            "url": "#",
                                                            "is_external": "",
                                                            "nofollow": "",
                                                            "custom_attributes": ""
                                                        }
                                                    },
                                                    {
                                                        "text": "Ig",
                                                        "selected_icon": {
                                                            "value": "",
                                                            "library": ""
                                                        },
                                                        "link": {
                                                            "url": "#",
                                                            "is_external": "",
                                                            "nofollow": "",
                                                            "custom_attributes": ""
                                                        },
                                                        "_id": "23d6cd4"
                                                    },
                                                    {
                                                        "text": "Tw",
                                                        "selected_icon": {
                                                            "value": "",
                                                            "library": ""
                                                        },
                                                        "link": {
                                                            "url": "#",
                                                            "is_external": "",
                                                            "nofollow": "",
                                                            "custom_attributes": ""
                                                        },
                                                        "_id": "2cb00f6"
                                                    },
                                                    {
                                                        "text": "Yt",
                                                        "selected_icon": {
                                                            "value": "",
                                                            "library": ""
                                                        },
                                                        "link": {
                                                            "url": "#",
                                                            "is_external": "",
                                                            "nofollow": "",
                                                            "custom_attributes": ""
                                                        },
                                                        "_id": "eb63da8"
                                                    }
                                                ],
                                                "space_between": {
                                                    "unit": "px",
                                                    "size": 20,
                                                    "sizes": []
                                                },
                                                "divider_style": "dotted",
                                                "divider_weight": {
                                                    "unit": "px",
                                                    "size": 5,
                                                    "sizes": []
                                                },
                                                "divider_height": {
                                                    "unit": "px",
                                                    "size": 5,
                                                    "sizes": []
                                                },
                                                "icon_typography_typography": "custom",
                                                "icon_typography_font_family": "Inter",
                                                "icon_typography_font_size": {
                                                    "unit": "px",
                                                    "size": 14,
                                                    "sizes": []
                                                },
                                                "icon_typography_font_weight": "300",
                                                "__globals__": {
                                                    "icon_color": "globals\/colors?id=b8d5379",
                                                    "divider_color": "globals\/colors?id=b8d5379",
                                                    "icon_color_hover": "globals\/colors?id=d9725cf",
                                                    "text_color": "globals\/colors?id=e990a77",
                                                    "text_color_hover": "globals\/colors?id=b8d5379"
                                                },
                                                "icon_align": "right",
                                                "icon_align_mobile": "center",
                                                "_margin_mobile": {
                                                    "unit": "px",
                                                    "top": "0",
                                                    "right": "0",
                                                    "bottom": "30",
                                                    "left": "0",
                                                    "isLinked": false
                                                },
                                                "space_between_tablet": {
                                                    "unit": "px",
                                                    "size": 20,
                                                    "sizes": []
                                                }
                                            },
                                            "elements": [],
                                            "isInner": false,
                                            "widgetType": "icon-list",
                                            "elType": "widget"
                                        }
                                    ],
                                    "isInner": true,
                                    "elType": "column"
                                }
                            ],
                            "isInner": true,
                            "elType": "section"
                        }
                    ],
                    "isInner": false,
                    "elType": "column"
                }
            ],
            "isInner": false,
            "elType": "section"
        }
    ],
    "page_settings": {
        "eael_ext_toc_title": "Table of Contents",
        "template": "elementor_canvas"
    }
}