{
    "version": "0.4",
    "title": "Global Kit Styles",
    "type": "section",
    "metadata": {
        "template_type": "global-styles",
        "include_in_zip": "1",
        "elementor_pro_required": null,
        "additional_template_information": [
            "These are the global theme styles configured through the Elementor Theme Styles area."
        ],
        "wp_page_template": "default"
    },
    "content": [],
    "page_settings": {
        "custom_colors": [
            {
                "_id": "b8d5379",
                "title": "yellow",
                "color": "#D08E02"
            },
            {
                "_id": "8bc0ed0",
                "title": "text color",
                "color": "#787878"
            },
            {
                "_id": "d9725cf",
                "title": "black",
                "color": "#222222"
            },
            {
                "_id": "cbc7fa9",
                "title": "black title",
                "color": "#050706"
            },
            {
                "_id": "bc58842",
                "title": "greeen",
                "color": "#1C6344"
            },
            {
                "_id": "e990a77",
                "title": "white",
                "color": "#FFFFFF"
            },
            {
                "_id": "315636b",
                "title": "border color",
                "color": "#7878782B"
            }
        ],
        "custom_typography": [
            {
                "typography_typography": "custom",
                "typography_font_family": "Playfair Display",
                "typography_font_size": {
                    "unit": "px",
                    "size": 52,
                    "sizes": []
                },
                "typography_font_weight": "600",
                "_id": "fa93100",
                "title": "h2",
                "typography_line_height": {
                    "unit": "em",
                    "size": 1.2,
                    "sizes": []
                },
                "typography_font_size_tablet": {
                    "unit": "px",
                    "size": 42,
                    "sizes": []
                }
            },
            {
                "typography_typography": "custom",
                "typography_font_family": "Lato",
                "typography_font_size": {
                    "unit": "px",
                    "size": 14,
                    "sizes": []
                },
                "typography_font_weight": "400",
                "typography_text_transform": "uppercase",
                "typography_letter_spacing": {
                    "unit": "px",
                    "size": 2,
                    "sizes": []
                },
                "_id": "dbf7e6b",
                "title": "button text "
            },
            {
                "typography_typography": "custom",
                "typography_font_family": "Inter",
                "typography_font_size": {
                    "unit": "px",
                    "size": 16,
                    "sizes": []
                },
                "typography_font_weight": "300",
                "_id": "4636050",
                "title": "body text",
                "typography_font_size_mobile": {
                    "unit": "px",
                    "size": 15,
                    "sizes": []
                }
            },
            {
                "typography_typography": "custom",
                "typography_font_family": "Inter",
                "typography_font_size": {
                    "unit": "px",
                    "size": 14,
                    "sizes": []
                },
                "typography_font_weight": "600",
                "_id": "7b06b2f",
                "title": "accent text"
            },
            {
                "typography_typography": "custom",
                "typography_font_family": "Inter",
                "typography_font_size": {
                    "unit": "px",
                    "size": 16,
                    "sizes": []
                },
                "typography_font_weight": "300",
                "typography_line_height": {
                    "unit": "em",
                    "size": 1.8,
                    "sizes": []
                },
                "_id": "63123a8",
                "title": "post body text"
            },
            {
                "typography_typography": "custom",
                "typography_font_family": "Playfair Display",
                "typography_font_size": {
                    "unit": "px",
                    "size": 90,
                    "sizes": []
                },
                "typography_font_weight": "600",
                "_id": "8978a95",
                "title": "h1",
                "typography_font_size_tablet": {
                    "unit": "px",
                    "size": 72,
                    "sizes": []
                },
                "typography_line_height_tablet": {
                    "unit": "em",
                    "size": 1,
                    "sizes": []
                },
                "typography_line_height": {
                    "unit": "em",
                    "size": 1,
                    "sizes": []
                },
                "typography_font_size_mobile": {
                    "unit": "px",
                    "size": 54,
                    "sizes": []
                }
            },
            {
                "typography_typography": "custom",
                "typography_font_family": "Inter",
                "typography_font_size": {
                    "unit": "px",
                    "size": 20,
                    "sizes": []
                },
                "typography_font_weight": "300",
                "typography_font_style": "italic",
                "typography_line_height": {
                    "unit": "em",
                    "size": 1.3,
                    "sizes": []
                },
                "_id": "06643f3",
                "title": "quote text",
                "typography_font_size_tablet": {
                    "unit": "px",
                    "size": 16,
                    "sizes": []
                }
            },
            {
                "typography_typography": "custom",
                "typography_font_family": "Inter",
                "typography_font_size": {
                    "unit": "px",
                    "size": 16,
                    "sizes": []
                },
                "typography_font_weight": "400",
                "typography_line_height": {
                    "unit": "em",
                    "size": 1.8,
                    "sizes": []
                },
                "_id": "c4eef70",
                "title": "bodytext 400"
            },
            {
                "typography_typography": "custom",
                "typography_font_family": "Inter",
                "typography_font_size": {
                    "unit": "px",
                    "size": 14,
                    "sizes": []
                },
                "typography_font_weight": "600",
                "_id": "cec7cdf",
                "title": "accent specail"
            },
            {
                "typography_typography": "custom",
                "typography_font_family": "Playfair Display",
                "typography_font_size": {
                    "unit": "px",
                    "size": 28,
                    "sizes": []
                },
                "typography_font_weight": "600",
                "_id": "b93c5f3",
                "title": "h4 vision"
            },
            {
                "typography_typography": "custom",
                "typography_font_family": "Playfair Display",
                "typography_font_size": {
                    "unit": "px",
                    "size": 32,
                    "sizes": []
                },
                "typography_font_weight": "600",
                "_id": "a13d08e",
                "title": "h3"
            },
            {
                "typography_typography": "custom",
                "typography_font_family": "Inter",
                "typography_font_size": {
                    "unit": "px",
                    "size": 18,
                    "sizes": []
                },
                "typography_font_weight": "600",
                "typography_line_height": {
                    "unit": "em",
                    "size": 1,
                    "sizes": []
                },
                "_id": "4106b3f",
                "title": "h5"
            },
            {
                "typography_typography": "custom",
                "typography_font_family": "Playfair Display",
                "typography_font_size": {
                    "unit": "px",
                    "size": 24,
                    "sizes": []
                },
                "typography_font_weight": "600",
                "typography_line_height": {
                    "unit": "em",
                    "size": 1,
                    "sizes": []
                },
                "_id": "52049af",
                "title": "h5 special"
            },
            {
                "typography_typography": "custom",
                "typography_font_family": "Inter",
                "typography_font_size": {
                    "unit": "px",
                    "size": 160,
                    "sizes": []
                },
                "typography_font_weight": "600",
                "_id": "455781c",
                "title": "404 title"
            },
            {
                "typography_typography": "custom",
                "typography_font_family": "Playfair Display",
                "typography_font_size": {
                    "unit": "px",
                    "size": 24,
                    "sizes": []
                },
                "typography_font_size_mobile": {
                    "unit": "px",
                    "size": 18,
                    "sizes": []
                },
                "typography_font_weight": "600",
                "typography_line_height": {
                    "unit": "em",
                    "size": 1.4,
                    "sizes": []
                },
                "_id": "25dc576",
                "title": "post title"
            },
            {
                "typography_typography": "custom",
                "typography_font_family": "Playfair Display",
                "typography_font_size": {
                    "unit": "px",
                    "size": 26,
                    "sizes": []
                },
                "typography_font_weight": "600",
                "typography_line_height": {
                    "unit": "em",
                    "size": 1,
                    "sizes": []
                },
                "_id": "c02d827",
                "title": "h5 26px"
            },
            {
                "typography_typography": "custom",
                "typography_font_family": "Playfair Display",
                "typography_font_size": {
                    "unit": "px",
                    "size": 26,
                    "sizes": []
                },
                "typography_font_weight": "600",
                "_id": "d4e751f",
                "title": "h6 26px"
            },
            {
                "typography_typography": "custom",
                "typography_font_family": "Inter",
                "typography_font_size": {
                    "unit": "px",
                    "size": 32,
                    "sizes": []
                },
                "typography_font_weight": "600",
                "typography_line_height": {
                    "unit": "em",
                    "size": 1,
                    "sizes": []
                },
                "_id": "e6a91cb",
                "title": "h3 inter"
            },
            {
                "typography_typography": "custom",
                "typography_font_family": "Playfair Display",
                "typography_font_size": {
                    "unit": "px",
                    "size": 20,
                    "sizes": []
                },
                "typography_font_weight": "600",
                "_id": "2d834ed",
                "title": "label form"
            }
        ],
        "system_colors": [
            {
                "_id": "primary",
                "title": "Primary",
                "color": "#050706"
            },
            {
                "_id": "secondary",
                "title": "Secondary",
                "color": "#D08E02"
            },
            {
                "_id": "text",
                "title": "Text",
                "color": "#7A7A7A"
            },
            {
                "_id": "accent",
                "title": "Accent",
                "color": "#D08E02"
            }
        ],
        "system_typography": [
            {
                "_id": "primary",
                "title": "Primary",
                "typography_typography": "custom",
                "typography_font_family": "Playfair Display",
                "typography_font_weight": "600",
                "typography_font_size": {
                    "unit": "px",
                    "size": 100,
                    "sizes": []
                }
            },
            {
                "_id": "secondary",
                "title": "Secondary",
                "typography_typography": "custom",
                "typography_font_family": "Playfair Display",
                "typography_font_weight": "400",
                "typography_font_size": {
                    "unit": "px",
                    "size": 52,
                    "sizes": []
                }
            },
            {
                "_id": "text",
                "title": "Text",
                "typography_typography": "custom",
                "typography_font_family": "Inter",
                "typography_font_weight": "400",
                "typography_font_size": {
                    "unit": "px",
                    "size": 16,
                    "sizes": []
                }
            },
            {
                "_id": "accent",
                "title": "Accent",
                "typography_typography": "custom",
                "typography_font_family": "Roboto",
                "typography_font_weight": "500"
            }
        ],
        "default_generic_fonts": "Sans-serif",
        "page_title_selector": "h1.entry-title",
        "activeItemIndex": 1,
        "body_typography_typography": "custom",
        "body_typography_font_family": "Inter",
        "body_typography_font_size": {
            "unit": "px",
            "size": 16,
            "sizes": []
        },
        "body_typography_font_weight": "300",
        "h1_typography_typography": "custom",
        "h1_typography_font_family": "Playfair Display",
        "h1_typography_font_size": {
            "unit": "px",
            "size": 100,
            "sizes": []
        },
        "h1_typography_font_weight": "600",
        "h2_typography_typography": "custom",
        "h2_typography_font_family": "Playfair Display",
        "h2_typography_font_size": {
            "unit": "px",
            "size": 52,
            "sizes": []
        },
        "h2_typography_font_weight": "600",
        "h3_typography_typography": "custom",
        "h3_typography_font_family": "Playfair Display",
        "h3_typography_font_size": {
            "unit": "px",
            "size": 32,
            "sizes": []
        },
        "h3_typography_font_weight": "600",
        "h4_typography_typography": "custom",
        "h4_typography_font_family": "Playfair Display",
        "h4_typography_font_size": {
            "unit": "px",
            "size": 24,
            "sizes": []
        },
        "h4_typography_font_weight": "600",
        "__globals__": {
            "body_color": "globals\/colors?id=8bc0ed0",
            "link_normal_color": "globals\/colors?id=b8d5379",
            "h1_color": "globals\/colors?id=cbc7fa9",
            "h2_color": "globals\/colors?id=cbc7fa9",
            "h3_color": "globals\/colors?id=cbc7fa9",
            "h4_color": "globals\/colors?id=d9725cf",
            "form_label_color": "globals\/colors?id=d9725cf",
            "form_label_typography_typography": "",
            "form_field_typography_typography": "globals\/typography?id=dbf7e6b",
            "form_field_text_color": "globals\/colors?id=8bc0ed0",
            "form_field_border_color": "globals\/colors?id=315636b",
            "button_text_color": "globals\/colors?id=e990a77",
            "button_background_color": "globals\/colors?id=b8d5379",
            "button_typography_typography": "globals\/typography?id=dbf7e6b"
        },
        "body_color": "#787878",
        "link_normal_color": "#D08E02",
        "h1_color": "#050706",
        "h2_color": "#050706",
        "h3_color": "#050706",
        "h4_color": "#222222",
        "button_border_border": "solid",
        "button_border_width": {
            "unit": "px",
            "top": "0",
            "right": "0",
            "bottom": "0",
            "left": "0",
            "isLinked": true
        },
        "button_border_radius": {
            "unit": "px",
            "top": "0",
            "right": "0",
            "bottom": "0",
            "left": "0",
            "isLinked": true
        },
        "button_padding": {
            "unit": "px",
            "top": "18",
            "right": "24",
            "bottom": "18",
            "left": "24",
            "isLinked": false
        },
        "form_label_color": "#222222",
        "form_field_border_border": "solid",
        "form_field_border_width": {
            "unit": "px",
            "top": "1",
            "right": "1",
            "bottom": "1",
            "left": "1",
            "isLinked": true
        },
        "form_field_border_radius": {
            "unit": "px",
            "top": "0",
            "right": "0",
            "bottom": "0",
            "left": "0",
            "isLinked": true
        },
        "button_typography_typography": "custom",
        "button_typography_font_family": "Lato",
        "button_typography_font_size": {
            "unit": "px",
            "size": 14,
            "sizes": []
        },
        "button_typography_font_weight": "400",
        "button_typography_text_transform": "uppercase",
        "button_typography_letter_spacing": {
            "unit": "px",
            "size": 2,
            "sizes": []
        },
        "button_text_color": "#FFFFFF",
        "button_background_color": "#D08E02",
        "form_label_typography_typography": "custom",
        "form_label_typography_font_family": "Inter",
        "form_label_typography_font_size": {
            "unit": "px",
            "size": 16,
            "sizes": []
        },
        "form_label_typography_font_weight": "400",
        "form_label_typography_line_height": {
            "unit": "em",
            "size": 2.8,
            "sizes": []
        },
        "form_field_text_color": "#787878",
        "form_field_border_color": "#7878782B",
        "viewport_mobile": "",
        "viewport_tablet": ""
    }
}