{
    "version": "0.4",
    "title": "Header",
    "type": "section",
    "metadata": {
        "template_type": "section-header",
        "include_in_zip": "1",
        "elementor_pro_required": null,
        "wp_page_template": "elementor_canvas"
    },
    "content": [
        {
            "id": "6734851a",
            "settings": {
                "content_position": "middle",
                "structure": "20",
                "border_border": "solid",
                "border_width": {
                    "unit": "px",
                    "top": "0",
                    "right": "0",
                    "bottom": "1",
                    "left": "0",
                    "isLinked": false
                },
                "border_color": "#FFFFFF14",
                "margin": {
                    "unit": "px",
                    "top": "",
                    "right": 0,
                    "bottom": "",
                    "left": 0,
                    "isLinked": true
                },
                "padding": {
                    "unit": "px",
                    "top": "20",
                    "right": "0",
                    "bottom": "20",
                    "left": "0",
                    "isLinked": false
                },
                "z_index": 2,
                "hide_mobile": "hidden-phone",
                "padding_tablet": {
                    "unit": "px",
                    "top": "10",
                    "right": "10",
                    "bottom": "10",
                    "left": "10",
                    "isLinked": false
                },
                "gap": "no",
                "__globals__": {
                    "background_color": "globals\/colors?id=cbc7fa9"
                }
            },
            "elements": [
                {
                    "id": "7700845b",
                    "settings": {
                        "_column_size": 50,
                        "_inline_size": null,
                        "_inline_size_tablet": 70
                    },
                    "elements": [
                        {
                            "id": "65589ca8",
                            "settings": {
                                "view": "inline",
                                "icon_list": [
                                    {
                                        "text": "Jl. Raya Ubud No.88, Bali 80571",
                                        "selected_icon": {
                                            "value": "fas fa-map-marker-alt",
                                            "library": "fa-solid"
                                        },
                                        "_id": "9fafd46"
                                    },
                                    {
                                        "text": "(+62) 81 2345 1234",
                                        "selected_icon": {
                                            "value": "fas fa-phone-alt",
                                            "library": "fa-solid"
                                        },
                                        "_id": "e126928"
                                    }
                                ],
                                "text_color": "#FFFFFF",
                                "icon_typography_typography": "custom",
                                "icon_typography_font_family": "Inter",
                                "icon_typography_font_size": {
                                    "unit": "px",
                                    "size": 12,
                                    "sizes": []
                                },
                                "icon_typography_font_weight": "300",
                                "icon_typography_letter_spacing": {
                                    "unit": "px",
                                    "size": 0.5,
                                    "sizes": []
                                },
                                "__globals__": {
                                    "icon_color": "globals\/colors?id=b8d5379"
                                }
                            },
                            "elements": [],
                            "isInner": false,
                            "widgetType": "icon-list",
                            "elType": "widget"
                        }
                    ],
                    "isInner": false,
                    "elType": "column"
                },
                {
                    "id": "6cfa95b2",
                    "settings": {
                        "_column_size": 50,
                        "_inline_size": null,
                        "_inline_size_tablet": 30,
                        "hide_mobile": "hidden-phone"
                    },
                    "elements": [
                        {
                            "id": "7d8e7d04",
                            "settings": {
                                "view": "inline",
                                "icon_list": [
                                    {
                                        "text": "Fb",
                                        "selected_icon": {
                                            "value": "",
                                            "library": ""
                                        },
                                        "_id": "6706c4b",
                                        "link": {
                                            "url": "#",
                                            "is_external": "",
                                            "nofollow": "",
                                            "custom_attributes": ""
                                        }
                                    },
                                    {
                                        "text": "Ig",
                                        "selected_icon": {
                                            "value": "",
                                            "library": ""
                                        },
                                        "link": {
                                            "url": "#",
                                            "is_external": "",
                                            "nofollow": "",
                                            "custom_attributes": ""
                                        },
                                        "_id": "23d6cd4"
                                    },
                                    {
                                        "text": "Tw",
                                        "selected_icon": {
                                            "value": "",
                                            "library": ""
                                        },
                                        "link": {
                                            "url": "#",
                                            "is_external": "",
                                            "nofollow": "",
                                            "custom_attributes": ""
                                        },
                                        "_id": "2cb00f6"
                                    },
                                    {
                                        "text": "Yt",
                                        "selected_icon": {
                                            "value": "",
                                            "library": ""
                                        },
                                        "link": {
                                            "url": "#",
                                            "is_external": "",
                                            "nofollow": "",
                                            "custom_attributes": ""
                                        },
                                        "_id": "eb63da8"
                                    }
                                ],
                                "space_between": {
                                    "unit": "px",
                                    "size": 20,
                                    "sizes": []
                                },
                                "divider_style": "dotted",
                                "divider_weight": {
                                    "unit": "px",
                                    "size": 5,
                                    "sizes": []
                                },
                                "divider_height": {
                                    "unit": "px",
                                    "size": 5,
                                    "sizes": []
                                },
                                "icon_typography_typography": "custom",
                                "icon_typography_font_family": "Inter",
                                "icon_typography_font_size": {
                                    "unit": "px",
                                    "size": 14,
                                    "sizes": []
                                },
                                "icon_typography_font_weight": "300",
                                "__globals__": {
                                    "icon_color": "globals\/colors?id=b8d5379",
                                    "divider_color": "globals\/colors?id=b8d5379",
                                    "icon_color_hover": "globals\/colors?id=d9725cf",
                                    "text_color": "globals\/colors?id=e990a77",
                                    "text_color_hover": "globals\/colors?id=b8d5379"
                                },
                                "icon_align": "right"
                            },
                            "elements": [],
                            "isInner": false,
                            "widgetType": "icon-list",
                            "elType": "widget"
                        }
                    ],
                    "isInner": false,
                    "elType": "column"
                }
            ],
            "isInner": false,
            "elType": "section"
        },
        {
            "id": "71cb0bb0",
            "settings": {
                "structure": "20",
                "content_position": "middle",
                "z_index": 2,
                "jet_sticky_section_sticky_background_background": "classic",
                "__globals__": {
                    "jet_sticky_section_sticky_background_color": "globals\/colors?id=primary",
                    "background_color": "globals\/colors?id=cbc7fa9"
                },
                "jet_sticky_section_sticky_z_index": 10,
                "gap": "no",
                "margin_tablet": {
                    "unit": "px",
                    "top": "",
                    "right": 0,
                    "bottom": "",
                    "left": 0,
                    "isLinked": true
                },
                "padding_tablet": {
                    "unit": "px",
                    "top": "20",
                    "right": "10",
                    "bottom": "20",
                    "left": "10",
                    "isLinked": false
                },
                "z_index_tablet": 7
            },
            "elements": [
                {
                    "id": "1d524b02",
                    "settings": {
                        "_column_size": 50,
                        "_inline_size": 17.275,
                        "padding": {
                            "unit": "px",
                            "top": "10",
                            "right": "0",
                            "bottom": "10",
                            "left": "0",
                            "isLinked": false
                        },
                        "_inline_size_mobile": 50,
                        "_inline_size_tablet": 30
                    },
                    "elements": [
                        {
                            "id": "69ee3954",
                            "settings": {
                                "image": {
                                    "url": "https:\/\/templatekit.jegtheme.com\/hestate\/wp-content\/uploads\/sites\/40\/2021\/02\/logo-hestate-3.png",
                                    "id": 526
                                },
                                "image_size": "full",
                                "align": "left",
                                "width": {
                                    "unit": "%",
                                    "size": 78,
                                    "sizes": []
                                },
                                "width_tablet": {
                                    "unit": "%",
                                    "size": 50,
                                    "sizes": []
                                },
                                "width_mobile": {
                                    "unit": "%",
                                    "size": 55,
                                    "sizes": []
                                }
                            },
                            "elements": [],
                            "isInner": false,
                            "widgetType": "image",
                            "elType": "widget"
                        }
                    ],
                    "isInner": false,
                    "elType": "column"
                },
                {
                    "id": "2cf22191",
                    "settings": {
                        "_column_size": 50,
                        "_inline_size": 82.725,
                        "padding": {
                            "unit": "px",
                            "top": "0",
                            "right": "0",
                            "bottom": "0",
                            "left": "0",
                            "isLinked": false
                        },
                        "_inline_size_mobile": 50,
                        "_inline_size_tablet": 70
                    },
                    "elements": [
                        {
                            "id": "7c12649e",
                            "settings": {
                                "elementskit_nav_menu": "menu-1",
                                "elementskit_main_menu_position": "elementskit-menu-po-right",
                                "elementskit_menubar_height": {
                                    "unit": "px",
                                    "size": 84,
                                    "sizes": []
                                },
                                "elementskit_content_typography_typography": "custom",
                                "elementskit_content_typography_font_family": "Inter",
                                "elementskit_content_typography_font_size": {
                                    "unit": "px",
                                    "size": 14,
                                    "sizes": []
                                },
                                "elementskit_content_typography_font_weight": "500",
                                "elementskit_content_typography_text_transform": "uppercase",
                                "elementskit_content_typography_letter_spacing": {
                                    "unit": "px",
                                    "size": 1,
                                    "sizes": []
                                },
                                "elementskit_menu_text_color": "#FFFFFF",
                                "elementskit_menu_item_spacing": {
                                    "unit": "px",
                                    "top": "0",
                                    "right": "0",
                                    "bottom": "0",
                                    "left": "40",
                                    "isLinked": false
                                },
                                "elementskit_submenu_container_width": "200px",
                                "elementskit_style_tab_submenu_indicator_color": "#FFFFFF",
                                "elementskit_menu_item_typography_typography": "custom",
                                "elementskit_menu_item_typography_font_family": "Inter",
                                "elementskit_menu_item_typography_font_size": {
                                    "unit": "px",
                                    "size": 14,
                                    "sizes": []
                                },
                                "elementskit_menu_item_typography_font_weight": "300",
                                "elementskit_menu_item_typography_text_transform": "uppercase",
                                "elementskit_menu_item_typography_letter_spacing": {
                                    "unit": "px",
                                    "size": 1,
                                    "sizes": []
                                },
                                "elementskit_submenu_item_spacing": {
                                    "unit": "px",
                                    "top": "15",
                                    "right": "15",
                                    "bottom": "15",
                                    "left": "15",
                                    "isLinked": false
                                },
                                "elementskit_menu_item_background_background": "classic",
                                "elementskit_menu_item_background_color": "#FFFFFF",
                                "elementskit_menu_item_background_hover_background": "classic",
                                "elementskit_menu_item_background_hover_color": "#FFFFFF",
                                "elementskit_nav_sub_menu_active_bg_color_background": "classic",
                                "elementskit_nav_sub_menu_active_bg_color_color": "#FFFFFF",
                                "sub_panel_padding": {
                                    "unit": "px",
                                    "top": "10",
                                    "right": "10",
                                    "bottom": "10",
                                    "left": "10",
                                    "isLinked": false
                                },
                                "elementskit_panel_submenu_border_border": "solid",
                                "elementskit_panel_submenu_border_width": {
                                    "unit": "px",
                                    "top": "0",
                                    "right": "0",
                                    "bottom": "0",
                                    "left": "0",
                                    "isLinked": true
                                },
                                "elementskit_submenu_container_background_background": "classic",
                                "elementskit_submenu_container_background_color": "#FFFFFF",
                                "__globals__": {
                                    "elementskit_submenu_item_color": "globals\/colors?id=cbc7fa9",
                                    "elementskit_item_text_color_hover": "globals\/colors?id=b8d5379",
                                    "elementskit_nav_sub_menu_active_text_color": "globals\/colors?id=b8d5379",
                                    "elementskit_menu_toggle_background_color": "",
                                    "elementskit_menu_toggle_icon_color": "globals\/colors?id=e990a77",
                                    "elementskit_menu_close_background_color": "",
                                    "elementskit_menu_close_border_color": "globals\/colors?id=315636b",
                                    "elementskit_style_tab_submenu_indicator_color_tablet": "globals\/colors?id=cbc7fa9",
                                    "wrapper_color_mobile_tablet": "globals\/colors?id=e990a77",
                                    "elementskit_item_color_hover": "globals\/colors?id=b8d5379",
                                    "elementskit_nav_menu_active_text_color": "globals\/colors?id=b8d5379",
                                    "elementskit_menu_close_typography_typography": "globals\/typography?id=63123a8",
                                    "elementskit_submenu_item_color_tablet": "globals\/colors?id=cbc7fa9",
                                    "elementskit_item_text_color_hover_tablet": "globals\/colors?id=b8d5379",
                                    "elementskit_nav_sub_menu_active_text_color_tablet": "globals\/colors?id=b8d5379",
                                    "elementskit_menu_close_background_hover_color": "globals\/colors?id=b8d5379",
                                    "elementskit_menu_close_icon_color_hover": "globals\/colors?id=e990a77",
                                    "elementskit_menu_close_icon_color": "globals\/colors?id=cbc7fa9"
                                },
                                "wrapper_color_mobile_tablet": "#FFFFFF",
                                "elementskit_mobile_menu_panel_spacing_tablet": {
                                    "unit": "px",
                                    "top": "20",
                                    "right": "20",
                                    "bottom": "20",
                                    "left": "20",
                                    "isLinked": true
                                },
                                "elementskit_menu_item_spacing_tablet": {
                                    "unit": "px",
                                    "top": "10",
                                    "right": "30",
                                    "bottom": "15",
                                    "left": "30",
                                    "isLinked": false
                                },
                                "elementskit_style_tab_submenu_indicator_color_tablet": "#050706",
                                "ekit_submenu_indicator_spacing_tablet": {
                                    "unit": "px",
                                    "top": "0",
                                    "right": "0",
                                    "bottom": "0",
                                    "left": "20",
                                    "isLinked": false
                                },
                                "elementskit_submenu_item_color": "#050706",
                                "elementskit_item_text_color_hover": "#D08E02",
                                "elementskit_nav_sub_menu_active_text_color": "#D08E02",
                                "sub_panel_padding_tablet": {
                                    "unit": "px",
                                    "top": "0",
                                    "right": "0",
                                    "bottom": "0",
                                    "left": "15",
                                    "isLinked": false
                                },
                                "elementskit_menu_toggle_width_tablet": {
                                    "unit": "px",
                                    "size": 50,
                                    "sizes": []
                                },
                                "elementskit_menu_toggle_border_radius_tablet": {
                                    "unit": "px",
                                    "size": 0,
                                    "sizes": []
                                },
                                "elementskit_menu_toggle_background_background": "classic",
                                "elementskit_menu_toggle_background_color": "#FFFFFF00",
                                "elementskit_menu_toggle_icon_color": "#FFFFFF",
                                "elementskit_menu_close_margin_tablet": {
                                    "unit": "px",
                                    "top": "15",
                                    "right": "15",
                                    "bottom": "15",
                                    "left": "15",
                                    "isLinked": true
                                },
                                "elementskit_menu_close_border_radius_tablet": {
                                    "unit": "px",
                                    "size": 0,
                                    "sizes": []
                                },
                                "elementskit_menu_close_background_background": "classic",
                                "elementskit_menu_close_background_color": "#05070600",
                                "elementskit_menu_close_border_border": "solid",
                                "elementskit_menu_close_border_width_tablet": {
                                    "unit": "px",
                                    "top": "1",
                                    "right": "1",
                                    "bottom": "1",
                                    "left": "1",
                                    "isLinked": true
                                },
                                "elementskit_menu_close_border_color": "#7878782B",
                                "elementskit_menu_close_background_hover_background": "classic",
                                "elementskit_menu_close_background_hover_color": "#D08E02",
                                "elementskit_menu_close_icon_color_hover": "#FFFFFF",
                                "elementskit_menu_toggle_border_border": "solid",
                                "elementskit_menu_toggle_border_width_tablet": {
                                    "unit": "px",
                                    "top": "0",
                                    "right": "0",
                                    "bottom": "0",
                                    "left": "0",
                                    "isLinked": true
                                },
                                "elementskit_panel_box_shadow_box_shadow_type": "yes",
                                "elementskit_panel_box_shadow_box_shadow": {
                                    "horizontal": 0,
                                    "vertical": 5,
                                    "blur": 15,
                                    "spread": 0,
                                    "color": "rgba(0, 0, 0, 0.1)"
                                },
                                "elementskit_nav_menu_logo": {
                                    "url": "https:\/\/templatekit.jegtheme.com\/hestate\/wp-content\/uploads\/sites\/40\/2021\/02\/just-logo.png",
                                    "id": 560
                                },
                                "elementskit_hamburger_icon": {
                                    "value": "icon icon-menu-7",
                                    "library": "ekiticons"
                                },
                                "elementskit_menu_open_typography_tablet": {
                                    "unit": "px",
                                    "size": 24,
                                    "sizes": []
                                },
                                "elementskit_menu_toggle_icon_color_hover": "",
                                "elementskit_mobile_menu_logo_width_tablet": {
                                    "unit": "px",
                                    "size": 55,
                                    "sizes": []
                                },
                                "elementskit_mobile_menu_logo_margin_tablet": {
                                    "unit": "px",
                                    "top": "15",
                                    "right": "0",
                                    "bottom": "5",
                                    "left": "0",
                                    "isLinked": false
                                },
                                "elementskit_menu_open_typography_mobile": {
                                    "unit": "px",
                                    "size": 20,
                                    "sizes": []
                                },
                                "elementskit_item_color_hover": "#D08E02",
                                "elementskit_nav_menu_active_text_color": "#D08E02",
                                "elementskit_submenu_item_color_tablet": "#050706",
                                "elementskit_item_text_color_hover_tablet": "#D08E02",
                                "elementskit_nav_sub_menu_active_text_color_tablet": "#D08E02",
                                "elementskit_menu_close_typography_typography": "custom",
                                "elementskit_menu_close_typography_font_family": "Inter",
                                "elementskit_menu_close_typography_font_size": {
                                    "unit": "px",
                                    "size": 16,
                                    "sizes": []
                                },
                                "elementskit_menu_close_typography_font_weight": "300",
                                "elementskit_menu_close_typography_line_height": {
                                    "unit": "em",
                                    "size": 1.8,
                                    "sizes": []
                                },
                                "elementskit_main_menu_position_tablet": "elementskit-menu-po-right",
                                "elementskit_menu_toggle_icon_position_tablet": "right",
                                "elementskit_mobile_menu_logo_width_mobile": {
                                    "unit": "px",
                                    "size": 60,
                                    "sizes": []
                                },
                                "elementskit_mobile_menu_logo_height_tablet": {
                                    "unit": "px",
                                    "size": "",
                                    "sizes": []
                                },
                                "elementskit_mobile_menu_logo_height_mobile": {
                                    "unit": "px",
                                    "size": "",
                                    "sizes": []
                                },
                                "_element_width_tablet": "inherit"
                            },
                            "elements": [],
                            "isInner": false,
                            "widgetType": "ekit-nav-menu",
                            "elType": "widget"
                        }
                    ],
                    "isInner": false,
                    "elType": "column"
                }
            ],
            "isInner": false,
            "elType": "section"
        }
    ],
    "page_settings": {
        "eael_ext_toc_title": "Table of Contents",
        "template": "elementor_canvas"
    }
}