{
    "version": "0.4",
    "title": "Metform Contact Us",
    "type": "page",
    "metadata": {
        "template_type": "single-page",
        "include_in_zip": "1",
        "elementor_pro_required": null,
        "wp_page_template": "elementor_canvas"
    },
    "content": [
        {
            "id": "35625c0b",
            "settings": {
                "gap": "no",
                "box_shadow_box_shadow": {
                    "horizontal": 30,
                    "vertical": 30,
                    "blur": 80,
                    "spread": 0,
                    "color": "rgba(0,0,0,0.1)"
                },
                "background_background": "classic",
                "border_radius": {
                    "unit": "px",
                    "top": "0",
                    "right": "0",
                    "bottom": "0",
                    "left": "0",
                    "isLinked": true
                },
                "padding_tablet": {
                    "unit": "px",
                    "top": "33",
                    "right": "15",
                    "bottom": "35",
                    "left": "15",
                    "isLinked": false
                },
                "__globals__": {
                    "background_color": "globals\/colors?id=0d73119"
                }
            },
            "elements": [
                {
                    "id": "6fa20a8f",
                    "settings": {
                        "_column_size": 100,
                        "_inline_size": null
                    },
                    "elements": [
                        {
                            "id": "7b944972",
                            "settings": {
                                "gap": "no",
                                "margin": {
                                    "unit": "px",
                                    "top": "0",
                                    "right": 0,
                                    "bottom": "0",
                                    "left": 0,
                                    "isLinked": false
                                },
                                "padding": {
                                    "unit": "px",
                                    "top": "0",
                                    "right": "0",
                                    "bottom": "0",
                                    "left": "0",
                                    "isLinked": false
                                }
                            },
                            "elements": [
                                {
                                    "id": "a0befee",
                                    "settings": {
                                        "_column_size": 100,
                                        "_inline_size": null,
                                        "space_between_widgets": 0,
                                        "margin": {
                                            "unit": "px",
                                            "top": "0",
                                            "right": "0",
                                            "bottom": "0",
                                            "left": "0",
                                            "isLinked": false
                                        }
                                    },
                                    "elements": [
                                        {
                                            "id": "5fbdc0bb",
                                            "settings": {
                                                "title": "Your Details",
                                                "_padding": {
                                                    "unit": "px",
                                                    "top": "0",
                                                    "right": "0",
                                                    "bottom": "0",
                                                    "left": "0",
                                                    "isLinked": false
                                                },
                                                "_margin": {
                                                    "unit": "px",
                                                    "top": "0",
                                                    "right": "0",
                                                    "bottom": "30",
                                                    "left": "0",
                                                    "isLinked": false
                                                },
                                                "__globals__": {
                                                    "title_color": "globals\/colors?id=cbc7fa9",
                                                    "typography_typography": "globals\/typography?id=a13d08e"
                                                },
                                                "header_size": "h4",
                                                "title_color": "#050706"
                                            },
                                            "elements": [],
                                            "isInner": false,
                                            "widgetType": "heading",
                                            "elType": "widget"
                                        }
                                    ],
                                    "isInner": true,
                                    "elType": "column"
                                }
                            ],
                            "isInner": true,
                            "elType": "section"
                        },
                        {
                            "id": "6835072e",
                            "settings": {
                                "gap": "no",
                                "structure": "20"
                            },
                            "elements": [
                                {
                                    "id": "653df5e5",
                                    "settings": {
                                        "_column_size": 50,
                                        "_inline_size": null,
                                        "space_between_widgets": 0,
                                        "margin": {
                                            "unit": "px",
                                            "top": "0",
                                            "right": "15",
                                            "bottom": "0",
                                            "left": "0",
                                            "isLinked": false
                                        },
                                        "margin_mobile": {
                                            "unit": "px",
                                            "top": "0",
                                            "right": "0",
                                            "bottom": "0",
                                            "left": "0",
                                            "isLinked": false
                                        }
                                    },
                                    "elements": [
                                        {
                                            "id": "109d6b1",
                                            "settings": {
                                                "mf_input_label": "First Name",
                                                "mf_input_name": "mf-first-name",
                                                "mf_input_placeholder": "Your Name",
                                                "mf_input_min_length": 1,
                                                "mf_input_label_margin": {
                                                    "unit": "px",
                                                    "top": "0",
                                                    "right": "0",
                                                    "bottom": "20",
                                                    "left": "0",
                                                    "isLinked": false
                                                },
                                                "mf_input_padding": {
                                                    "unit": "px",
                                                    "top": "15",
                                                    "right": "25",
                                                    "bottom": "15",
                                                    "left": "25",
                                                    "isLinked": false
                                                },
                                                "mf_input_border_border": "solid",
                                                "mf_input_border_width": {
                                                    "unit": "px",
                                                    "top": "1",
                                                    "right": "1",
                                                    "bottom": "1",
                                                    "left": "1",
                                                    "isLinked": true
                                                },
                                                "mf_input_border_color": "#ededed",
                                                "mf_input_box_shadow_box_shadow": {
                                                    "horizontal": 0,
                                                    "vertical": 3,
                                                    "blur": 5,
                                                    "spread": 0,
                                                    "color": "rgba(0,0,0,0.05)"
                                                },
                                                "mf_input_placeholder_color": "#999999",
                                                "mf_input_help_text_typography_typography": "custom",
                                                "mf_input_help_text_typography_font_family": "Helvetica",
                                                "mf_input_help_text_typography_font_size": {
                                                    "unit": "px",
                                                    "size": 12,
                                                    "sizes": []
                                                },
                                                "mf_input_help_text_typography_font_weight": "400",
                                                "mf_input_help_text_typography_font_style": "italic",
                                                "mf_input_help_text_typography_line_height": {
                                                    "unit": "px",
                                                    "size": 14,
                                                    "sizes": []
                                                },
                                                "mf_input_help_text_padding": {
                                                    "unit": "px",
                                                    "top": "3",
                                                    "right": "0",
                                                    "bottom": "0",
                                                    "left": "0",
                                                    "isLinked": false
                                                },
                                                "mf_input_required": "yes",
                                                "mf_input_validation_warning_message": "This field is required.",
                                                "mf_input_help_text_color": "#555555",
                                                "mf_input_label_padding": {
                                                    "unit": "px",
                                                    "top": "0",
                                                    "right": "0",
                                                    "bottom": "0",
                                                    "left": "0",
                                                    "isLinked": false
                                                },
                                                "mf_input_margin": {
                                                    "unit": "px",
                                                    "top": "0",
                                                    "right": "0",
                                                    "bottom": "0",
                                                    "left": "0",
                                                    "isLinked": false
                                                },
                                                "__globals__": {
                                                    "mf_input_label_color": "",
                                                    "mf_input_required_indicator_color": "globals\/colors?id=b8d5379",
                                                    "mf_input_warning_text_color": "globals\/colors?id=b8d5379",
                                                    "mf_input_color": "globals\/colors?id=8bc0ed0",
                                                    "mf_input_color_hover": "globals\/colors?id=cbc7fa9",
                                                    "mf_input_color_focus": "globals\/colors?id=cbc7fa9",
                                                    "mf_input_label_typography_typography": "globals\/typography?id=2d834ed",
                                                    "mf_input_typgraphy_typography": "globals\/typography?id=4636050",
                                                    "mf_input_warning_text_typography_typography": "globals\/typography?id=4636050",
                                                    "mf_input_place_holder_typography_typography": ""
                                                },
                                                "mf_input_label_typography_typography": "custom",
                                                "mf_input_label_typography_font_family": "Playfair Display",
                                                "mf_input_label_typography_font_size": {
                                                    "unit": "px",
                                                    "size": 20,
                                                    "sizes": []
                                                },
                                                "mf_input_label_typography_font_weight": "600",
                                                "mf_input_required_indicator_color": "#D08E02",
                                                "mf_input_warning_text_color": "#D08E02",
                                                "mf_input_warning_text_typography_typography": "custom",
                                                "mf_input_warning_text_typography_font_family": "Inter",
                                                "mf_input_warning_text_typography_font_size": {
                                                    "unit": "px",
                                                    "size": 16,
                                                    "sizes": []
                                                },
                                                "mf_input_warning_text_typography_font_size_mobile": {
                                                    "unit": "px",
                                                    "size": 15,
                                                    "sizes": []
                                                },
                                                "mf_input_warning_text_typography_font_weight": "300",
                                                "mf_input_color": "#787878",
                                                "mf_input_color_hover": "#050706",
                                                "mf_input_color_focus": "#050706",
                                                "mf_input_typgraphy_typography": "custom",
                                                "mf_input_typgraphy_font_family": "Inter",
                                                "mf_input_typgraphy_font_size": {
                                                    "unit": "px",
                                                    "size": 16,
                                                    "sizes": []
                                                },
                                                "mf_input_typgraphy_font_size_mobile": {
                                                    "unit": "px",
                                                    "size": 15,
                                                    "sizes": []
                                                },
                                                "mf_input_typgraphy_font_weight": "300",
                                                "mf_input_place_holder_typography_typography": "custom",
                                                "mf_input_place_holder_typography_font_family": "Inter",
                                                "mf_input_place_holder_typography_font_size": {
                                                    "unit": "px",
                                                    "size": 16,
                                                    "sizes": []
                                                },
                                                "mf_input_place_holder_typography_font_size_mobile": {
                                                    "unit": "px",
                                                    "size": 15,
                                                    "sizes": []
                                                },
                                                "mf_input_place_holder_typography_font_weight": "300",
                                                "mf_input_place_holder_typography_text_transform": "none"
                                            },
                                            "elements": [],
                                            "isInner": false,
                                            "widgetType": "mf-text",
                                            "elType": "widget"
                                        }
                                    ],
                                    "isInner": true,
                                    "elType": "column"
                                },
                                {
                                    "id": "19f04c5d",
                                    "settings": {
                                        "_column_size": 50,
                                        "_inline_size": null,
                                        "margin": {
                                            "unit": "px",
                                            "top": "0",
                                            "right": "0",
                                            "bottom": "0",
                                            "left": "15",
                                            "isLinked": false
                                        },
                                        "margin_mobile": {
                                            "unit": "px",
                                            "top": "20",
                                            "right": "0",
                                            "bottom": "0",
                                            "left": "0",
                                            "isLinked": false
                                        }
                                    },
                                    "elements": [
                                        {
                                            "id": "750f21f0",
                                            "settings": {
                                                "mf_input_label": "Email Address",
                                                "mf_input_name": "mf-email",
                                                "mf_input_placeholder": "email@yourmail.com",
                                                "mf_input_required": "yes",
                                                "mf_input_label_margin": {
                                                    "unit": "px",
                                                    "top": "0",
                                                    "right": "0",
                                                    "bottom": "20",
                                                    "left": "0",
                                                    "isLinked": false
                                                },
                                                "mf_input_padding": {
                                                    "unit": "px",
                                                    "top": "15",
                                                    "right": "25",
                                                    "bottom": "15",
                                                    "left": "25",
                                                    "isLinked": false
                                                },
                                                "mf_input_border_border": "solid",
                                                "mf_input_border_width": {
                                                    "unit": "px",
                                                    "top": "1",
                                                    "right": "1",
                                                    "bottom": "1",
                                                    "left": "1",
                                                    "isLinked": true
                                                },
                                                "mf_input_border_color": "#ededed",
                                                "mf_input_box_shadow_box_shadow": {
                                                    "horizontal": 0,
                                                    "vertical": 3,
                                                    "blur": 5,
                                                    "spread": 0,
                                                    "color": "rgba(0,0,0,0.05)"
                                                },
                                                "mf_input_placeholder_color": "#999999",
                                                "mf_input_help_text_typography_typography": "custom",
                                                "mf_input_help_text_typography_font_family": "Helvetica",
                                                "mf_input_help_text_typography_font_size": {
                                                    "unit": "px",
                                                    "size": 12,
                                                    "sizes": []
                                                },
                                                "mf_input_help_text_typography_font_weight": "400",
                                                "mf_input_help_text_typography_font_style": "italic",
                                                "mf_input_help_text_typography_line_height": {
                                                    "unit": "px",
                                                    "size": 14,
                                                    "sizes": []
                                                },
                                                "mf_input_help_text_padding": {
                                                    "unit": "px",
                                                    "top": "3",
                                                    "right": "0",
                                                    "bottom": "0",
                                                    "left": "0",
                                                    "isLinked": false
                                                },
                                                "mf_input_validation_warning_message": "This field is required.",
                                                "mf_input_help_text_color": "#555555",
                                                "mf_input_label_padding": {
                                                    "unit": "px",
                                                    "top": "0",
                                                    "right": "0",
                                                    "bottom": "0",
                                                    "left": "0",
                                                    "isLinked": false
                                                },
                                                "mf_input_margin": {
                                                    "unit": "px",
                                                    "top": "0",
                                                    "right": "0",
                                                    "bottom": "0",
                                                    "left": "0",
                                                    "isLinked": false
                                                },
                                                "__globals__": {
                                                    "mf_input_label_color": "",
                                                    "mf_input_required_indicator_color": "globals\/colors?id=b8d5379",
                                                    "mf_input_warning_text_color": "globals\/colors?id=b8d5379",
                                                    "mf_input_color": "globals\/colors?id=8bc0ed0",
                                                    "mf_input_color_hover": "globals\/colors?id=cbc7fa9",
                                                    "mf_input_color_focus": "globals\/colors?id=cbc7fa9",
                                                    "mf_input_typgraphy_typography": "globals\/typography?id=4636050",
                                                    "mf_input_label_typography_typography": "globals\/typography?id=2d834ed",
                                                    "mf_input_warning_text_typography_typography": "globals\/typography?id=4636050",
                                                    "mf_input_place_holder_typography_typography": ""
                                                },
                                                "mf_input_label_typography_typography": "custom",
                                                "mf_input_label_typography_font_family": "Playfair Display",
                                                "mf_input_label_typography_font_size": {
                                                    "unit": "px",
                                                    "size": 20,
                                                    "sizes": []
                                                },
                                                "mf_input_label_typography_font_weight": "600",
                                                "mf_input_required_indicator_color": "#D08E02",
                                                "mf_input_warning_text_color": "#D08E02",
                                                "mf_input_warning_text_typography_typography": "custom",
                                                "mf_input_warning_text_typography_font_family": "Inter",
                                                "mf_input_warning_text_typography_font_size": {
                                                    "unit": "px",
                                                    "size": 16,
                                                    "sizes": []
                                                },
                                                "mf_input_warning_text_typography_font_size_mobile": {
                                                    "unit": "px",
                                                    "size": 15,
                                                    "sizes": []
                                                },
                                                "mf_input_warning_text_typography_font_weight": "300",
                                                "mf_input_color": "#787878",
                                                "mf_input_color_hover": "#050706",
                                                "mf_input_color_focus": "#050706",
                                                "mf_input_typgraphy_typography": "custom",
                                                "mf_input_typgraphy_font_family": "Inter",
                                                "mf_input_typgraphy_font_size": {
                                                    "unit": "px",
                                                    "size": 16,
                                                    "sizes": []
                                                },
                                                "mf_input_typgraphy_font_size_mobile": {
                                                    "unit": "px",
                                                    "size": 15,
                                                    "sizes": []
                                                },
                                                "mf_input_typgraphy_font_weight": "300",
                                                "mf_input_place_holder_typography_typography": "custom",
                                                "mf_input_place_holder_typography_font_family": "Inter",
                                                "mf_input_place_holder_typography_font_size": {
                                                    "unit": "px",
                                                    "size": 16,
                                                    "sizes": []
                                                },
                                                "mf_input_place_holder_typography_font_size_mobile": {
                                                    "unit": "px",
                                                    "size": 15,
                                                    "sizes": []
                                                },
                                                "mf_input_place_holder_typography_font_weight": "300",
                                                "mf_input_place_holder_typography_text_transform": "none"
                                            },
                                            "elements": [],
                                            "isInner": false,
                                            "widgetType": "mf-email",
                                            "elType": "widget"
                                        }
                                    ],
                                    "isInner": true,
                                    "elType": "column"
                                }
                            ],
                            "isInner": true,
                            "elType": "section"
                        },
                        {
                            "id": "56a01b69",
                            "settings": {
                                "gap": "no",
                                "padding": {
                                    "unit": "px",
                                    "top": "30",
                                    "right": "0",
                                    "bottom": "0",
                                    "left": "0",
                                    "isLinked": false
                                }
                            },
                            "elements": [
                                {
                                    "id": "8bded95",
                                    "settings": {
                                        "_column_size": 100,
                                        "_inline_size": null,
                                        "space_between_widgets": 0,
                                        "margin_mobile": {
                                            "unit": "px",
                                            "top": "0",
                                            "right": "0",
                                            "bottom": "0",
                                            "left": "0",
                                            "isLinked": false
                                        }
                                    },
                                    "elements": [
                                        {
                                            "id": "2fab4318",
                                            "settings": {
                                                "mf_input_label": "Subject",
                                                "mf_input_name": "mf-subject",
                                                "mf_input_placeholder": "Subject",
                                                "mf_input_required": "yes",
                                                "mf_input_label_margin": {
                                                    "unit": "px",
                                                    "top": "0",
                                                    "right": "0",
                                                    "bottom": "20",
                                                    "left": "0",
                                                    "isLinked": false
                                                },
                                                "mf_input_padding": {
                                                    "unit": "px",
                                                    "top": "15",
                                                    "right": "25",
                                                    "bottom": "15",
                                                    "left": "25",
                                                    "isLinked": false
                                                },
                                                "mf_input_border_border": "solid",
                                                "mf_input_border_width": {
                                                    "unit": "px",
                                                    "top": "1",
                                                    "right": "1",
                                                    "bottom": "1",
                                                    "left": "1",
                                                    "isLinked": true
                                                },
                                                "mf_input_border_color": "#ededed",
                                                "mf_input_box_shadow_box_shadow": {
                                                    "horizontal": 0,
                                                    "vertical": 3,
                                                    "blur": 5,
                                                    "spread": 0,
                                                    "color": "rgba(0,0,0,0.05)"
                                                },
                                                "mf_input_placeholder_color": "#999999",
                                                "mf_input_help_text_typography_typography": "custom",
                                                "mf_input_help_text_typography_font_family": "Helvetica",
                                                "mf_input_help_text_typography_font_size": {
                                                    "unit": "px",
                                                    "size": 12,
                                                    "sizes": []
                                                },
                                                "mf_input_help_text_typography_font_weight": "400",
                                                "mf_input_help_text_typography_font_style": "italic",
                                                "mf_input_help_text_typography_line_height": {
                                                    "unit": "px",
                                                    "size": 14,
                                                    "sizes": []
                                                },
                                                "mf_input_help_text_padding": {
                                                    "unit": "px",
                                                    "top": "3",
                                                    "right": "0",
                                                    "bottom": "0",
                                                    "left": "0",
                                                    "isLinked": false
                                                },
                                                "mf_input_validation_warning_message": "This field is required.",
                                                "mf_input_help_text_color": "#555555",
                                                "mf_input_label_padding": {
                                                    "unit": "px",
                                                    "top": "0",
                                                    "right": "0",
                                                    "bottom": "0",
                                                    "left": "0",
                                                    "isLinked": false
                                                },
                                                "mf_input_margin": {
                                                    "unit": "px",
                                                    "top": "0",
                                                    "right": "0",
                                                    "bottom": "0",
                                                    "left": "0",
                                                    "isLinked": false
                                                },
                                                "__globals__": {
                                                    "mf_input_label_color": "",
                                                    "mf_input_required_indicator_color": "globals\/colors?id=b8d5379",
                                                    "mf_input_warning_text_color": "globals\/colors?id=b8d5379",
                                                    "mf_input_color": "globals\/colors?id=8bc0ed0",
                                                    "mf_input_color_hover": "globals\/colors?id=cbc7fa9",
                                                    "mf_input_color_focus": "globals\/colors?id=cbc7fa9",
                                                    "mf_input_typgraphy_typography": "globals\/typography?id=4636050",
                                                    "mf_input_label_typography_typography": "globals\/typography?id=2d834ed",
                                                    "mf_input_warning_text_typography_typography": "globals\/typography?id=4636050",
                                                    "mf_input_place_holder_typography_typography": ""
                                                },
                                                "mf_input_label_typography_typography": "custom",
                                                "mf_input_label_typography_font_family": "Playfair Display",
                                                "mf_input_label_typography_font_size": {
                                                    "unit": "px",
                                                    "size": 20,
                                                    "sizes": []
                                                },
                                                "mf_input_label_typography_font_weight": "600",
                                                "mf_input_required_indicator_color": "#D08E02",
                                                "mf_input_warning_text_color": "#D08E02",
                                                "mf_input_warning_text_typography_typography": "custom",
                                                "mf_input_warning_text_typography_font_family": "Inter",
                                                "mf_input_warning_text_typography_font_size": {
                                                    "unit": "px",
                                                    "size": 16,
                                                    "sizes": []
                                                },
                                                "mf_input_warning_text_typography_font_size_mobile": {
                                                    "unit": "px",
                                                    "size": 15,
                                                    "sizes": []
                                                },
                                                "mf_input_warning_text_typography_font_weight": "300",
                                                "mf_input_color": "#787878",
                                                "mf_input_color_hover": "#050706",
                                                "mf_input_color_focus": "#050706",
                                                "mf_input_typgraphy_typography": "custom",
                                                "mf_input_typgraphy_font_family": "Inter",
                                                "mf_input_typgraphy_font_size": {
                                                    "unit": "px",
                                                    "size": 16,
                                                    "sizes": []
                                                },
                                                "mf_input_typgraphy_font_size_mobile": {
                                                    "unit": "px",
                                                    "size": 15,
                                                    "sizes": []
                                                },
                                                "mf_input_typgraphy_font_weight": "300",
                                                "mf_input_place_holder_typography_typography": "custom",
                                                "mf_input_place_holder_typography_font_family": "Inter",
                                                "mf_input_place_holder_typography_font_size": {
                                                    "unit": "px",
                                                    "size": 16,
                                                    "sizes": []
                                                },
                                                "mf_input_place_holder_typography_font_size_mobile": {
                                                    "unit": "px",
                                                    "size": 15,
                                                    "sizes": []
                                                },
                                                "mf_input_place_holder_typography_font_weight": "300",
                                                "mf_input_place_holder_typography_text_transform": "none"
                                            },
                                            "elements": [],
                                            "isInner": false,
                                            "widgetType": "mf-text",
                                            "elType": "widget"
                                        },
                                        {
                                            "id": "1ab9d7da",
                                            "settings": {
                                                "mf_input_label": "Comments \/ Questions",
                                                "mf_input_name": "mf-comment",
                                                "mf_input_placeholder": "Your Message",
                                                "mf_input_required": "yes",
                                                "mf_input_label_margin": {
                                                    "unit": "px",
                                                    "top": "0",
                                                    "right": "0",
                                                    "bottom": "20",
                                                    "left": "0",
                                                    "isLinked": false
                                                },
                                                "mf_input_padding": {
                                                    "unit": "px",
                                                    "top": "15",
                                                    "right": "25",
                                                    "bottom": "15",
                                                    "left": "25",
                                                    "isLinked": false
                                                },
                                                "mf_input_border_border": "solid",
                                                "mf_input_border_width": {
                                                    "unit": "px",
                                                    "top": "1",
                                                    "right": "1",
                                                    "bottom": "1",
                                                    "left": "1",
                                                    "isLinked": true
                                                },
                                                "mf_input_border_color": "#ededed",
                                                "mf_input_box_shadow_box_shadow": {
                                                    "horizontal": 0,
                                                    "vertical": 3,
                                                    "blur": 5,
                                                    "spread": 0,
                                                    "color": "rgba(0,0,0,0.05)"
                                                },
                                                "mf_input_placeholder_color": "#999999",
                                                "mf_input_help_text_typography_typography": "custom",
                                                "mf_input_help_text_typography_font_family": "Helvetica",
                                                "mf_input_help_text_typography_font_size": {
                                                    "unit": "px",
                                                    "size": 12,
                                                    "sizes": []
                                                },
                                                "mf_input_help_text_typography_font_weight": "400",
                                                "mf_input_help_text_typography_font_style": "italic",
                                                "mf_input_help_text_typography_line_height": {
                                                    "unit": "px",
                                                    "size": 14,
                                                    "sizes": []
                                                },
                                                "mf_input_help_text_padding": {
                                                    "unit": "px",
                                                    "top": "3",
                                                    "right": "0",
                                                    "bottom": "0",
                                                    "left": "0",
                                                    "isLinked": false
                                                },
                                                "mf_textarea_field_height": {
                                                    "unit": "px",
                                                    "size": 140,
                                                    "sizes": []
                                                },
                                                "mf_input_validation_warning_message": "This field is required.",
                                                "mf_input_help_text_color": "#555555",
                                                "mf_input_label_padding": {
                                                    "unit": "px",
                                                    "top": "0",
                                                    "right": "0",
                                                    "bottom": "0",
                                                    "left": "0",
                                                    "isLinked": false
                                                },
                                                "mf_input_margin": {
                                                    "unit": "px",
                                                    "top": "0",
                                                    "right": "0",
                                                    "bottom": "0",
                                                    "left": "0",
                                                    "isLinked": false
                                                },
                                                "__globals__": {
                                                    "mf_input_label_color": "",
                                                    "mf_input_required_indicator_color": "globals\/colors?id=b8d5379",
                                                    "mf_input_warning_text_color": "globals\/colors?id=b8d5379",
                                                    "mf_input_color": "globals\/colors?id=8bc0ed0",
                                                    "mf_input_color_hover": "globals\/colors?id=cbc7fa9",
                                                    "mf_input_color_focus": "globals\/colors?id=cbc7fa9",
                                                    "mf_input_typgraphy_typography": "globals\/typography?id=4636050",
                                                    "mf_input_label_typography_typography": "globals\/typography?id=2d834ed",
                                                    "mf_input_warning_text_typography_typography": "globals\/typography?id=4636050",
                                                    "mf_input_place_holder_typography_typography": ""
                                                },
                                                "_margin": {
                                                    "unit": "px",
                                                    "top": "40",
                                                    "right": "0",
                                                    "bottom": "0",
                                                    "left": "0",
                                                    "isLinked": false
                                                },
                                                "mf_input_label_typography_typography": "custom",
                                                "mf_input_label_typography_font_family": "Playfair Display",
                                                "mf_input_label_typography_font_size": {
                                                    "unit": "px",
                                                    "size": 20,
                                                    "sizes": []
                                                },
                                                "mf_input_label_typography_font_weight": "600",
                                                "mf_input_required_indicator_color": "#D08E02",
                                                "mf_input_warning_text_color": "#D08E02",
                                                "mf_input_warning_text_typography_typography": "custom",
                                                "mf_input_warning_text_typography_font_family": "Inter",
                                                "mf_input_warning_text_typography_font_size": {
                                                    "unit": "px",
                                                    "size": 16,
                                                    "sizes": []
                                                },
                                                "mf_input_warning_text_typography_font_size_mobile": {
                                                    "unit": "px",
                                                    "size": 15,
                                                    "sizes": []
                                                },
                                                "mf_input_warning_text_typography_font_weight": "300",
                                                "mf_input_color": "#787878",
                                                "mf_input_color_hover": "#050706",
                                                "mf_input_color_focus": "#050706",
                                                "mf_input_typgraphy_typography": "custom",
                                                "mf_input_typgraphy_font_family": "Inter",
                                                "mf_input_typgraphy_font_size": {
                                                    "unit": "px",
                                                    "size": 16,
                                                    "sizes": []
                                                },
                                                "mf_input_typgraphy_font_size_mobile": {
                                                    "unit": "px",
                                                    "size": 15,
                                                    "sizes": []
                                                },
                                                "mf_input_typgraphy_font_weight": "300",
                                                "mf_input_place_holder_typography_typography": "custom",
                                                "mf_input_place_holder_typography_font_family": "Inter",
                                                "mf_input_place_holder_typography_font_size": {
                                                    "unit": "px",
                                                    "size": 16,
                                                    "sizes": []
                                                },
                                                "mf_input_place_holder_typography_font_size_mobile": {
                                                    "unit": "px",
                                                    "size": 15,
                                                    "sizes": []
                                                },
                                                "mf_input_place_holder_typography_font_weight": "300",
                                                "mf_input_place_holder_typography_text_transform": "none"
                                            },
                                            "elements": [],
                                            "isInner": false,
                                            "widgetType": "mf-textarea",
                                            "elType": "widget"
                                        },
                                        {
                                            "id": "774cc9e4",
                                            "settings": {
                                                "mf_btn_text": "Submit Message",
                                                "mf_btn_align": "left",
                                                "mf_hidden_input": [],
                                                "_margin": {
                                                    "unit": "px",
                                                    "top": "37",
                                                    "right": "0",
                                                    "bottom": "0",
                                                    "left": "0",
                                                    "isLinked": false
                                                },
                                                "mf_btn_text_padding": {
                                                    "unit": "px",
                                                    "top": "18",
                                                    "right": "24",
                                                    "bottom": "18",
                                                    "left": "24",
                                                    "isLinked": false
                                                },
                                                "mf_btn_bg_color_background": "classic",
                                                "mf_btn_bg_hover_color_background": "classic",
                                                "mf_btn_border_radius": {
                                                    "unit": "px",
                                                    "top": "0",
                                                    "right": "0",
                                                    "bottom": "0",
                                                    "left": "0",
                                                    "isLinked": true
                                                },
                                                "mf_btn_box_shadow_group_box_shadow_type": "yes",
                                                "mf_btn_box_shadow_group_box_shadow": {
                                                    "horizontal": 0,
                                                    "vertical": 0,
                                                    "blur": 0,
                                                    "spread": 0,
                                                    "color": "rgba(0, 0, 0, 0)"
                                                },
                                                "__globals__": {
                                                    "mf_btn_typography_typography": "globals\/typography?id=dbf7e6b",
                                                    "mf_btn_text_color": "globals\/colors?id=e990a77",
                                                    "mf_btn_bg_color_color": "globals\/colors?id=b8d5379",
                                                    "mf_btn_hover_color": "globals\/colors?id=e990a77",
                                                    "mf_btn_bg_hover_color_color": "globals\/colors?id=b8d5379"
                                                }
                                            },
                                            "elements": [],
                                            "isInner": false,
                                            "widgetType": "mf-button",
                                            "elType": "widget"
                                        }
                                    ],
                                    "isInner": true,
                                    "elType": "column"
                                }
                            ],
                            "isInner": true,
                            "elType": "section"
                        }
                    ],
                    "isInner": false,
                    "elType": "column"
                }
            ],
            "isInner": false,
            "elType": "section"
        }
    ],
    "page_settings": {
        "eael_ext_toc_title": "Table of Contents",
        "template": "elementor_canvas"
    }
}