{
    "version": "0.4",
    "title": "News",
    "type": "page",
    "metadata": {
        "template_type": "single-page",
        "include_in_zip": "1",
        "elementor_pro_required": null,
        "wp_page_template": "elementor_canvas"
    },
    "content": [
        {
            "id": "358126ab",
            "settings": {
                "gap": "no",
                "custom_height": {
                    "unit": "px",
                    "size": 448,
                    "sizes": []
                },
                "background_background": "classic",
                "background_position": "top center",
                "background_repeat": "no-repeat",
                "background_size": "cover",
                "margin": {
                    "unit": "px",
                    "top": "-148",
                    "right": 0,
                    "bottom": "0",
                    "left": 0,
                    "isLinked": false
                },
                "padding": {
                    "unit": "px",
                    "top": "230",
                    "right": "0",
                    "bottom": "120",
                    "left": "0",
                    "isLinked": false
                },
                "__globals__": {
                    "background_color": "globals\/colors?id=bc58842"
                },
                "background_image": {
                    "url": "https:\/\/templatekit.jegtheme.com\/hestate\/wp-content\/uploads\/sites\/40\/2021\/02\/contemporary-design-living-houses-modern-luxury-apartments-buildings-.jpg",
                    "id": 962
                },
                "background_overlay_background": "classic",
                "background_overlay_color": "#000000",
                "background_overlay_opacity": {
                    "unit": "px",
                    "size": 0.72,
                    "sizes": []
                }
            },
            "elements": [
                {
                    "id": "539b38b8",
                    "settings": {
                        "_column_size": 100,
                        "_inline_size": null,
                        "align": "center",
                        "padding": {
                            "unit": "px",
                            "top": "0",
                            "right": "10",
                            "bottom": "0",
                            "left": "10",
                            "isLinked": false
                        }
                    },
                    "elements": [
                        {
                            "id": "500c3ab3",
                            "settings": {
                                "title": "News",
                                "align": "center",
                                "title_color": "#FFFFFF",
                                "__globals__": {
                                    "typography_typography": "globals\/typography?id=fa93100"
                                }
                            },
                            "elements": [],
                            "isInner": false,
                            "widgetType": "heading",
                            "elType": "widget"
                        }
                    ],
                    "isInner": false,
                    "elType": "column"
                }
            ],
            "isInner": false,
            "elType": "section"
        },
        {
            "id": "351d0a0",
            "settings": {
                "gap": "no",
                "padding": {
                    "unit": "px",
                    "top": "100",
                    "right": "0",
                    "bottom": "60",
                    "left": "0",
                    "isLinked": false
                }
            },
            "elements": [
                {
                    "id": "57a2bb18",
                    "settings": {
                        "_column_size": 100,
                        "_inline_size": null,
                        "align": "center",
                        "padding_tablet": {
                            "unit": "px",
                            "top": "0",
                            "right": "10",
                            "bottom": "0",
                            "left": "10",
                            "isLinked": false
                        }
                    },
                    "elements": [
                        {
                            "id": "1c525fc7",
                            "settings": {
                                "editor": "Our News",
                                "align": "center",
                                "__globals__": {
                                    "text_color": "globals\/colors?id=b8d5379",
                                    "typography_typography": "globals\/typography?id=7b06b2f"
                                }
                            },
                            "elements": [],
                            "isInner": false,
                            "widgetType": "text-editor",
                            "elType": "widget"
                        },
                        {
                            "id": "19405dd1",
                            "settings": {
                                "title": "Featured News",
                                "title_color": "#050706",
                                "_margin": {
                                    "unit": "px",
                                    "top": "0",
                                    "right": "0",
                                    "bottom": "0",
                                    "left": "0",
                                    "isLinked": false
                                },
                                "align": "center",
                                "__globals__": {
                                    "typography_typography": "globals\/typography?id=fa93100"
                                }
                            },
                            "elements": [],
                            "isInner": false,
                            "widgetType": "heading",
                            "elType": "widget"
                        },
                        {
                            "id": "1b7cbaf4",
                            "settings": {
                                "gap": "no",
                                "structure": "20",
                                "margin": {
                                    "unit": "px",
                                    "top": "040",
                                    "right": 0,
                                    "bottom": "0",
                                    "left": 0,
                                    "isLinked": false
                                },
                                "margin_mobile": {
                                    "unit": "px",
                                    "top": "20",
                                    "right": 0,
                                    "bottom": "0",
                                    "left": 0,
                                    "isLinked": false
                                }
                            },
                            "elements": [
                                {
                                    "id": "586ebae3",
                                    "settings": {
                                        "_column_size": 50,
                                        "_inline_size": 71.395,
                                        "margin": {
                                            "unit": "px",
                                            "top": "0",
                                            "right": "15",
                                            "bottom": "0",
                                            "left": "0",
                                            "isLinked": false
                                        },
                                        "animation": "none",
                                        "animation_duration": "slow",
                                        "_inline_size_tablet": 100,
                                        "margin_tablet": {
                                            "unit": "px",
                                            "top": "0",
                                            "right": "0",
                                            "bottom": "0",
                                            "left": "0",
                                            "isLinked": false
                                        },
                                        "margin_mobile": {
                                            "unit": "px",
                                            "top": "0",
                                            "right": "0",
                                            "bottom": "0",
                                            "left": "0",
                                            "isLinked": false
                                        }
                                    },
                                    "elements": [
                                        {
                                            "id": "68eea859",
                                            "settings": {
                                                "sg_content_postblock_type": "type-2",
                                                "sg_content_image_size_imagesize_size": "large",
                                                "sg_content_category_enable": "",
                                                "sg_content_excerpt_length": {
                                                    "unit": "px",
                                                    "size": 40,
                                                    "sizes": []
                                                },
                                                "sg_content_excerpt_more": "...",
                                                "sg_content_readmore_icon": {
                                                    "value": "jki jki-chevron-right-light",
                                                    "library": "jkiticon"
                                                },
                                                "sg_content_readmore_text": "Read More",
                                                "sg_content_comment_enable": "",
                                                "sg_content_meta_author_enable": "",
                                                "sg_content_meta_author_by_text": "by",
                                                "sg_content_meta_date_format_custom": "F j, Y",
                                                "sg_content_meta_date_icon": {
                                                    "value": "",
                                                    "library": ""
                                                },
                                                "number_post": {
                                                    "unit": "px",
                                                    "size": 1,
                                                    "sizes": []
                                                },
                                                "post_offset": 1,
                                                "pagination_prev_text": "Previous",
                                                "pagination_next_text": "Next",
                                                "pagination_loadmore_text": "Load More",
                                                "pagination_loading_text": "Loading...",
                                                "st_wrapper_padding_responsive": {
                                                    "unit": "px",
                                                    "top": "0",
                                                    "right": "0",
                                                    "bottom": "0",
                                                    "left": "0",
                                                    "isLinked": false
                                                },
                                                "st_wrapper_margin_responsive": {
                                                    "unit": "px",
                                                    "top": "0",
                                                    "right": "0",
                                                    "bottom": "0",
                                                    "left": "0",
                                                    "isLinked": false
                                                },
                                                "st_post_item_gap_responsive": {
                                                    "unit": "px",
                                                    "size": "",
                                                    "sizes": []
                                                },
                                                "st_post_item_padding_responsive": {
                                                    "unit": "px",
                                                    "top": "0",
                                                    "right": "0",
                                                    "bottom": "0",
                                                    "left": "0",
                                                    "isLinked": false
                                                },
                                                "st_post_item_margin_responsive": {
                                                    "unit": "px",
                                                    "top": "0",
                                                    "right": "0",
                                                    "bottom": "0",
                                                    "left": "0",
                                                    "isLinked": false
                                                },
                                                "st_post_item_boxshadow_box_shadow_box_shadow_type": "yes",
                                                "st_post_item_boxshadow_box_shadow_box_shadow": {
                                                    "horizontal": 3,
                                                    "vertical": 0,
                                                    "blur": 15,
                                                    "spread": 0,
                                                    "color": "rgba(0, 0, 0, 0.1)"
                                                },
                                                "st_thumbnail_container_height_responsive": {
                                                    "unit": "px",
                                                    "size": 498,
                                                    "sizes": []
                                                },
                                                "st_content_background_background_background": "classic",
                                                "st_content_background_background_color": "#FFFFFF",
                                                "st_content_padding_responsive": {
                                                    "unit": "px",
                                                    "top": "10",
                                                    "right": "30",
                                                    "bottom": "40",
                                                    "left": "30",
                                                    "isLinked": false
                                                },
                                                "st_title_normal_typography_content_typography_typography": "custom",
                                                "st_title_normal_typography_content_typography_font_family": "Playfair Display",
                                                "st_title_normal_typography_content_typography_font_size": {
                                                    "unit": "px",
                                                    "size": 24,
                                                    "sizes": []
                                                },
                                                "st_title_normal_typography_content_typography_font_weight": "600",
                                                "st_title_normal_typography_content_typography_line_height": {
                                                    "unit": "em",
                                                    "size": 1.4,
                                                    "sizes": []
                                                },
                                                "st_readmore_padding_responsive": {
                                                    "unit": "px",
                                                    "top": "0",
                                                    "right": "0",
                                                    "bottom": "0",
                                                    "left": "0",
                                                    "isLinked": false
                                                },
                                                "st_readmore_margin_responsive": {
                                                    "unit": "px",
                                                    "top": "0",
                                                    "right": "0",
                                                    "bottom": "0",
                                                    "left": "0",
                                                    "isLinked": false
                                                },
                                                "st_readmore_normal_background_background_background": "classic",
                                                "st_readmore_normal_background_background_color": "#02010100",
                                                "st_meta_typography_content_typography_font_family": "Inter",
                                                "st_meta_typography_content_typography_font_size": {
                                                    "unit": "px",
                                                    "size": 14,
                                                    "sizes": []
                                                },
                                                "st_nocontent_text": "No Content Available",
                                                "__globals__": {
                                                    "st_readmore_typography_content_typography_typography": "globals\/typography?id=dbf7e6b",
                                                    "st_readmore_normal_color_responsive": "globals\/colors?id=b8d5379",
                                                    "st_meta_typography_content_typography_typography": "",
                                                    "st_excerpt_typography_content_typography_typography": "globals\/typography?id=63123a8",
                                                    "st_meta_color_responsive": "globals\/colors?id=8bc0ed0"
                                                }
                                            },
                                            "elements": [],
                                            "isInner": false,
                                            "widgetType": "jkit_post_block",
                                            "elType": "widget"
                                        }
                                    ],
                                    "isInner": true,
                                    "elType": "column"
                                },
                                {
                                    "id": "28f313d3",
                                    "settings": {
                                        "_column_size": 50,
                                        "_inline_size": 28.561,
                                        "margin": {
                                            "unit": "px",
                                            "top": "0",
                                            "right": "0",
                                            "bottom": "0",
                                            "left": "15",
                                            "isLinked": false
                                        },
                                        "_inline_size_tablet": 100,
                                        "margin_tablet": {
                                            "unit": "px",
                                            "top": "0",
                                            "right": "0",
                                            "bottom": "0",
                                            "left": "0",
                                            "isLinked": false
                                        }
                                    },
                                    "elements": [
                                        {
                                            "id": "7cec0e9e",
                                            "settings": {
                                                "sg_content_postblock_type": "type-2",
                                                "sg_content_image_size_imagesize_size": "large",
                                                "sg_content_category_enable": "",
                                                "sg_content_excerpt_length": {
                                                    "unit": "px",
                                                    "size": 15,
                                                    "sizes": []
                                                },
                                                "sg_content_excerpt_more": "...",
                                                "sg_content_readmore_enable": "",
                                                "sg_content_readmore_icon": {
                                                    "value": "",
                                                    "library": ""
                                                },
                                                "sg_content_readmore_text": "",
                                                "sg_content_comment_enable": "",
                                                "sg_content_meta_author_enable": "",
                                                "sg_content_meta_author_by_text": "by",
                                                "sg_content_meta_date_format_custom": "F j, Y",
                                                "sg_content_meta_date_icon": {
                                                    "value": "",
                                                    "library": ""
                                                },
                                                "include_post": "1375,620,618",
                                                "pagination_prev_text": "Previous",
                                                "pagination_next_text": "Next",
                                                "pagination_loadmore_text": "Load More",
                                                "pagination_loading_text": "Loading...",
                                                "st_wrapper_padding_responsive": {
                                                    "unit": "px",
                                                    "top": "0",
                                                    "right": "0",
                                                    "bottom": "0",
                                                    "left": "0",
                                                    "isLinked": false
                                                },
                                                "st_wrapper_margin_responsive": {
                                                    "unit": "px",
                                                    "top": "0",
                                                    "right": "0",
                                                    "bottom": "0",
                                                    "left": "0",
                                                    "isLinked": false
                                                },
                                                "st_post_item_gap_responsive": {
                                                    "unit": "px",
                                                    "size": "",
                                                    "sizes": []
                                                },
                                                "st_post_item_padding_responsive": {
                                                    "unit": "px",
                                                    "top": "0",
                                                    "right": "0",
                                                    "bottom": "0",
                                                    "left": "0",
                                                    "isLinked": false
                                                },
                                                "st_post_item_margin_responsive": {
                                                    "unit": "px",
                                                    "top": "0",
                                                    "right": "0",
                                                    "bottom": "30",
                                                    "left": "0",
                                                    "isLinked": false
                                                },
                                                "st_post_item_boxshadow_box_shadow_box_shadow_type": "yes",
                                                "st_post_item_boxshadow_box_shadow_box_shadow": {
                                                    "horizontal": 3,
                                                    "vertical": 0,
                                                    "blur": 15,
                                                    "spread": 0,
                                                    "color": "rgba(0, 0, 0, 0.1)"
                                                },
                                                "st_thumbnail_container_height_responsive": {
                                                    "unit": "px",
                                                    "size": 0,
                                                    "sizes": []
                                                },
                                                "st_thumbnail_container_height_responsive_tablet": {
                                                    "unit": "px",
                                                    "size": 0,
                                                    "sizes": []
                                                },
                                                "st_thumbnail_container_height_responsive_mobile": {
                                                    "unit": "px",
                                                    "size": 0,
                                                    "sizes": []
                                                },
                                                "st_content_background_background_background": "classic",
                                                "st_content_background_background_color": "#FFFFFF",
                                                "st_content_padding_responsive": {
                                                    "unit": "px",
                                                    "top": "20",
                                                    "right": "20",
                                                    "bottom": "20",
                                                    "left": "20",
                                                    "isLinked": true
                                                },
                                                "st_excerpt_typography_content_typography_typography": "custom",
                                                "st_excerpt_typography_content_typography_font_family": "Inter",
                                                "st_excerpt_typography_content_typography_font_size": {
                                                    "unit": "px",
                                                    "size": 16,
                                                    "sizes": []
                                                },
                                                "st_excerpt_typography_content_typography_font_weight": "300",
                                                "st_excerpt_typography_content_typography_line_height": {
                                                    "unit": "em",
                                                    "size": 1.8,
                                                    "sizes": []
                                                },
                                                "st_excerpt_margin_responsive": {
                                                    "unit": "px",
                                                    "top": "0",
                                                    "right": "0",
                                                    "bottom": "-30",
                                                    "left": "0",
                                                    "isLinked": false
                                                },
                                                "st_readmore_typography_content_typography_typography": "custom",
                                                "st_readmore_typography_content_typography_font_family": "Lato",
                                                "st_readmore_typography_content_typography_font_size": {
                                                    "unit": "px",
                                                    "size": 0,
                                                    "sizes": []
                                                },
                                                "st_readmore_typography_content_typography_font_weight": "400",
                                                "st_readmore_typography_content_typography_text_transform": "uppercase",
                                                "st_readmore_typography_content_typography_letter_spacing": {
                                                    "unit": "px",
                                                    "size": 2,
                                                    "sizes": []
                                                },
                                                "st_readmore_padding_responsive": {
                                                    "unit": "px",
                                                    "top": "0",
                                                    "right": "0",
                                                    "bottom": "0",
                                                    "left": "0",
                                                    "isLinked": false
                                                },
                                                "st_readmore_margin_responsive": {
                                                    "unit": "px",
                                                    "top": "0",
                                                    "right": "0",
                                                    "bottom": "0",
                                                    "left": "0",
                                                    "isLinked": false
                                                },
                                                "st_readmore_icon_spacing_responsive": {
                                                    "unit": "px",
                                                    "size": 0,
                                                    "sizes": []
                                                },
                                                "st_readmore_icon_size_responsive": {
                                                    "unit": "px",
                                                    "size": 0,
                                                    "sizes": []
                                                },
                                                "st_readmore_normal_background_background_background": "classic",
                                                "st_readmore_normal_background_background_color": "#02010100",
                                                "st_readmore_normal_color_responsive": "#D08E02",
                                                "st_meta_typography_content_typography_font_family": "Inter",
                                                "st_meta_typography_content_typography_font_size": {
                                                    "unit": "px",
                                                    "size": 14,
                                                    "sizes": []
                                                },
                                                "st_meta_color_responsive": "#787878",
                                                "st_nocontent_text": "No Content Available",
                                                "__globals__": {
                                                    "st_readmore_typography_content_typography_typography": "",
                                                    "st_readmore_normal_color_responsive": "globals\/colors?id=b8d5379",
                                                    "st_meta_typography_content_typography_typography": "",
                                                    "st_excerpt_typography_content_typography_typography": "globals\/typography?id=63123a8",
                                                    "st_meta_color_responsive": "globals\/colors?id=8bc0ed0",
                                                    "st_title_normal_typography_content_typography_typography": "globals\/typography?id=25dc576"
                                                }
                                            },
                                            "elements": [],
                                            "isInner": false,
                                            "widgetType": "jkit_post_block",
                                            "elType": "widget"
                                        }
                                    ],
                                    "isInner": true,
                                    "elType": "column"
                                }
                            ],
                            "isInner": true,
                            "elType": "section"
                        }
                    ],
                    "isInner": false,
                    "elType": "column"
                }
            ],
            "isInner": false,
            "elType": "section"
        },
        {
            "id": "7bfb28a1",
            "settings": {
                "gap": "no",
                "padding": {
                    "unit": "px",
                    "top": "0",
                    "right": "0",
                    "bottom": "100",
                    "left": "0",
                    "isLinked": false
                }
            },
            "elements": [
                {
                    "id": "5c957469",
                    "settings": {
                        "_column_size": 100,
                        "_inline_size": null,
                        "align": "center",
                        "padding_tablet": {
                            "unit": "px",
                            "top": "0",
                            "right": "10",
                            "bottom": "0",
                            "left": "10",
                            "isLinked": false
                        }
                    },
                    "elements": [
                        {
                            "id": "174c0224",
                            "settings": {
                                "title": "Latest News",
                                "title_color": "#050706",
                                "_margin": {
                                    "unit": "px",
                                    "top": "0",
                                    "right": "0",
                                    "bottom": "0",
                                    "left": "0",
                                    "isLinked": false
                                },
                                "align": "left",
                                "__globals__": {
                                    "typography_typography": "globals\/typography?id=fa93100"
                                }
                            },
                            "elements": [],
                            "isInner": false,
                            "widgetType": "heading",
                            "elType": "widget"
                        },
                        {
                            "id": "1c372069",
                            "settings": {
                                "gap": "no",
                                "margin": {
                                    "unit": "px",
                                    "top": "30",
                                    "right": 0,
                                    "bottom": "0",
                                    "left": 0,
                                    "isLinked": false
                                },
                                "margin_mobile": {
                                    "unit": "px",
                                    "top": "20",
                                    "right": 0,
                                    "bottom": "0",
                                    "left": 0,
                                    "isLinked": false
                                }
                            },
                            "elements": [
                                {
                                    "id": "781711b3",
                                    "settings": {
                                        "_column_size": 100,
                                        "_inline_size": null,
                                        "margin": {
                                            "unit": "px",
                                            "top": "0",
                                            "right": "0",
                                            "bottom": "0",
                                            "left": "0",
                                            "isLinked": false
                                        },
                                        "animation": "none",
                                        "animation_duration": "slow",
                                        "_inline_size_tablet": 100,
                                        "margin_tablet": {
                                            "unit": "px",
                                            "top": "0",
                                            "right": "0",
                                            "bottom": "0",
                                            "left": "0",
                                            "isLinked": false
                                        },
                                        "margin_mobile": {
                                            "unit": "px",
                                            "top": "0",
                                            "right": "0",
                                            "bottom": "0",
                                            "left": "0",
                                            "isLinked": false
                                        }
                                    },
                                    "elements": [
                                        {
                                            "id": "6bace819",
                                            "settings": {
                                                "sg_content_postblock_type": "type-2",
                                                "sg_content_image_size_imagesize_size": "full",
                                                "sg_content_column_responsive": {
                                                    "unit": "px",
                                                    "size": 3,
                                                    "sizes": []
                                                },
                                                "sg_content_category_enable": "",
                                                "sg_content_excerpt_length": {
                                                    "unit": "px",
                                                    "size": 15,
                                                    "sizes": []
                                                },
                                                "sg_content_excerpt_more": "...",
                                                "sg_content_readmore_icon": {
                                                    "value": "jki jki-chevron-right-light",
                                                    "library": "jkiticon"
                                                },
                                                "sg_content_readmore_text": "Read More",
                                                "sg_content_comment_enable": "",
                                                "sg_content_meta_author_enable": "",
                                                "sg_content_meta_author_by_text": "by",
                                                "sg_content_meta_date_format_custom": "F j, Y",
                                                "sg_content_meta_date_icon": {
                                                    "value": "",
                                                    "library": ""
                                                },
                                                "number_post": {
                                                    "unit": "px",
                                                    "size": 6,
                                                    "sizes": []
                                                },
                                                "pagination_prev_text": "Previous",
                                                "pagination_next_text": "Next",
                                                "pagination_loadmore_text": "Load More",
                                                "pagination_loading_text": "Loading...",
                                                "st_wrapper_padding_responsive": {
                                                    "unit": "px",
                                                    "top": "0",
                                                    "right": "0",
                                                    "bottom": "0",
                                                    "left": "0",
                                                    "isLinked": false
                                                },
                                                "st_wrapper_margin_responsive": {
                                                    "unit": "px",
                                                    "top": "0",
                                                    "right": "0",
                                                    "bottom": "0",
                                                    "left": "0",
                                                    "isLinked": false
                                                },
                                                "st_post_item_padding_responsive": {
                                                    "unit": "px",
                                                    "top": "0",
                                                    "right": "0",
                                                    "bottom": "0",
                                                    "left": "0",
                                                    "isLinked": false
                                                },
                                                "st_post_item_boxshadow_box_shadow_box_shadow_type": "yes",
                                                "st_post_item_boxshadow_box_shadow_box_shadow": {
                                                    "horizontal": 3,
                                                    "vertical": 0,
                                                    "blur": 15,
                                                    "spread": 0,
                                                    "color": "rgba(0, 0, 0, 0.1)"
                                                },
                                                "st_content_background_background_background": "classic",
                                                "st_content_background_background_color": "#FFFFFF",
                                                "st_content_padding_responsive": {
                                                    "unit": "px",
                                                    "top": "10",
                                                    "right": "30",
                                                    "bottom": "40",
                                                    "left": "30",
                                                    "isLinked": false
                                                },
                                                "st_title_normal_typography_content_typography_typography": "custom",
                                                "st_title_normal_typography_content_typography_font_family": "Playfair Display",
                                                "st_title_normal_typography_content_typography_font_size": {
                                                    "unit": "px",
                                                    "size": 24,
                                                    "sizes": []
                                                },
                                                "st_title_normal_typography_content_typography_font_weight": "600",
                                                "st_title_normal_typography_content_typography_line_height": {
                                                    "unit": "em",
                                                    "size": 1.4,
                                                    "sizes": []
                                                },
                                                "st_readmore_padding_responsive": {
                                                    "unit": "px",
                                                    "top": "0",
                                                    "right": "0",
                                                    "bottom": "0",
                                                    "left": "0",
                                                    "isLinked": false
                                                },
                                                "st_readmore_margin_responsive": {
                                                    "unit": "px",
                                                    "top": "0",
                                                    "right": "0",
                                                    "bottom": "0",
                                                    "left": "0",
                                                    "isLinked": false
                                                },
                                                "st_readmore_normal_background_background_background": "classic",
                                                "st_readmore_normal_background_background_color": "#02010100",
                                                "st_meta_typography_content_typography_font_family": "Inter",
                                                "st_meta_typography_content_typography_font_size": {
                                                    "unit": "px",
                                                    "size": 14,
                                                    "sizes": []
                                                },
                                                "st_nocontent_text": "No Content Available",
                                                "__globals__": {
                                                    "st_readmore_typography_content_typography_typography": "globals\/typography?id=dbf7e6b",
                                                    "st_readmore_normal_color_responsive": "globals\/colors?id=b8d5379",
                                                    "st_meta_typography_content_typography_typography": "",
                                                    "st_excerpt_typography_content_typography_typography": "globals\/typography?id=63123a8",
                                                    "st_meta_color_responsive": "globals\/colors?id=8bc0ed0"
                                                }
                                            },
                                            "elements": [],
                                            "isInner": false,
                                            "widgetType": "jkit_post_block",
                                            "elType": "widget"
                                        }
                                    ],
                                    "isInner": true,
                                    "elType": "column"
                                }
                            ],
                            "isInner": true,
                            "elType": "section"
                        }
                    ],
                    "isInner": false,
                    "elType": "column"
                }
            ],
            "isInner": false,
            "elType": "section"
        }
    ],
    "page_settings": {
        "eael_ext_toc_title": "Table of Contents",
        "template": "elementor_canvas"
    }
}